{"stats":{"minecraft:custom":{"minecraft:time_since_rest":2187,"minecraft:sprint_one_cm":42531,"minecraft:damage_taken":40,"minecraft:walk_one_cm":34104,"minecraft:mob_kills":1,"minecraft:drop":3,"minecraft:damage_dealt":100,"minecraft:fly_one_cm":73444,"minecraft:interact_with_crafting_table":14,"minecraft:swim_one_cm":5205,"minecraft:open_chest":5,"minecraft:play_time":23688,"minecraft:sneak_time":3,"minecraft:walk_under_water_one_cm":4665,"minecraft:jump":336,"minecraft:leave_game":2,"minecraft:time_since_death":23688,"minecraft:walk_on_water_one_cm":4227,"minecraft:sleep_in_bed":1,"minecraft:total_world_time":23688,"minecraft:fall_one_cm":5132},"minecraft:used":{"minecraft:stone_pickaxe":7,"minecraft:oak_planks":2,"minecraft:wooden_pickaxe":3,"minecraft:stone_axe":20,"minecraft:torch":2,"minecraft:mossy_cobblestone":1,"minecraft:crafting_table":2,"minecraft:carrot":10,"minecraft:white_bed":1,"alexsmobs:animal_dictionary":7,"minecraft:potato":1,"farmersdelight:tomato_seeds":3},"minecraft:picked_up":{"minecraft:stick":6,"minecraft:crafting_table":1,"minecraft:torch":2,"farmersdelight:tomato_seeds":5,"minecraft:oak_log":33,"minecraft:white_bed":1,"minecraft:carrot":75,"farmersdelight:tomato":3,"alexsmobs:animal_dictionary":1,"minecraft:dirt":14,"minecraft:mossy_cobblestone":1,"minecraft:wheat_seeds":2,"minecraft:oak_sapling":7,"minecraft:oak_planks":3,"minecraft:cobblestone":9},"minecraft:mined":{"minecraft:white_bed":1,"minecraft:carrots":22,"minecraft:mossy_cobblestone":1,"minecraft:crafting_table":1,"minecraft:grass":24,"minecraft:oak_log":33,"minecraft:grass_block":1,"minecraft:dirt":13,"farmersdelight:tomatoes":3,"minecraft:cobblestone":9,"minecraft:oak_planks":3,"minecraft:oak_leaves":7},"minecraft:killed":{"alexsmobs:terrapin":1},"minecraft:crafted":{"minecraft:oak_planks":40,"minecraft:crafting_table":1,"minecraft:wooden_pickaxe":1,"minecraft:stone_pickaxe":1,"minecraft:stone_axe":1},"minecraft:dropped":{"farmersdelight:tomato_seeds":2,"alexsmobs:animal_dictionary":1}},"DataVersion":3465}