{"stats":{"minecraft:custom":{"minecraft:time_since_rest":3908,"minecraft:interact_with_furnace":1,"minecraft:sprint_one_cm":61631,"minecraft:damage_taken":953,"minecraft:walk_one_cm":33173,"minecraft:damage_dealt":106,"minecraft:swim_one_cm":11216,"minecraft:fly_one_cm":161303,"minecraft:interact_with_crafting_table":1,"minecraft:open_chest":8,"minecraft:crouch_one_cm":6630,"minecraft:play_time":23258,"minecraft:deaths":4,"minecraft:sneak_time":2143,"minecraft:walk_under_water_one_cm":147,"minecraft:jump":584,"minecraft:leave_game":1,"minecraft:walk_on_water_one_cm":2959,"minecraft:time_since_death":3866,"minecraft:sleep_in_bed":1,"minecraft:total_world_time":23258,"minecraft:fall_one_cm":14323},"minecraft:used":{"minecraft:bread":2,"minecraft:wooden_pickaxe":4,"minecraft:iron_boots":1,"create:experience_block":1,"minecraft:crafting_table":1,"minecraft:carrot":8,"alexsmobs:animal_dictionary":1,"minecraft:iron_leggings":1},"minecraft:picked_up":{"create:experience_block":2,"minecraft:crafting_table":1,"minecraft:wheat":14,"minecraft:sand":1,"minecraft:oak_log":11,"minecraft:white_bed":1,"minecraft:carrot":32,"farmersdelight:tomato":10,"minecraft:bone":2,"minecraft:wheat_seeds":29,"minecraft:cobblestone":4},"minecraft:mined":{"minecraft:white_bed":1,"minecraft:carrots":8,"minecraft:wheat":14,"minecraft:crafting_table":1,"minecraft:grass":7,"minecraft:grass_block":1,"minecraft:oak_log":11,"minecraft:sand":1,"minecraft:tall_grass":5,"minecraft:stone":4,"minecraft:oak_leaves":2},"minecraft:killed_by":{"minecraft:player":3},"minecraft:crafted":{"minecraft:oak_planks":24,"minecraft:crafting_table":1,"minecraft:stick":4,"minecraft:wooden_pickaxe":1,"create:experience_nugget":9}},"DataVersion":3465}