{"stats":{"minecraft:custom":{"minecraft:interact_with_furnace":10,"minecraft:mob_kills":30,"minecraft:interact_with_crafting_table":8,"minecraft:leave_game":3,"minecraft:time_since_death":39299,"minecraft:sleep_in_bed":1,"minecraft:time_since_rest":39341,"minecraft:sprint_one_cm":165981,"minecraft:damage_absorbed":40,"minecraft:damage_taken":2299,"minecraft:walk_one_cm":123512,"minecraft:drop":1,"minecraft:damage_dealt":5268,"minecraft:damage_dealt_absorbed":61,"minecraft:swim_one_cm":18006,"minecraft:fly_one_cm":273795,"minecraft:open_chest":15,"minecraft:crouch_one_cm":25512,"minecraft:play_time":58691,"minecraft:deaths":4,"minecraft:sneak_time":10433,"minecraft:walk_under_water_one_cm":666,"minecraft:jump":1319,"minecraft:walk_on_water_one_cm":6444,"minecraft:total_world_time":58691,"minecraft:fall_one_cm":33815},"minecraft:broken":{"minecraft:stone_axe":1},"minecraft:used":{"create:limestone":8,"minecraft:stone_pickaxe":66,"minecraft:wooden_pickaxe":4,"minecraft:torch":87,"minecraft:golden_apple":1,"minecraft:crafting_table":5,"minecraft:carrot":17,"farmersdelight:tomato":10,"minecraft:bread":21,"minecraft:iron_axe":22,"minecraft:iron_pickaxe":169,"minecraft:iron_boots":1,"create:experience_block":1,"minecraft:stone_axe":75,"minecraft:furnace":2,"alexsmobs:animal_dictionary":1,"minecraft:cobbled_deepslate":23,"minecraft:iron_leggings":1},"minecraft:picked_up":{"minecraft:wheat":15,"minecraft:crafting_table":5,"minecraft:feather":1,"minecraft:chicken":2,"minecraft:tuff":1,"create:raw_zinc":23,"minecraft:oak_log":11,"minecraft:lapis_lazuli":15,"farmersdelight:tomato":10,"minecraft:string":12,"create:limestone":8,"minecraft:bone":5,"minecraft:bow":1,"minecraft:wheat_seeds":40,"minecraft:cobbled_deepslate":39,"minecraft:raw_gold":11,"minecraft:furnace":2,"create:experience_block":2,"minecraft:raw_iron":44,"minecraft:torch":5,"minecraft:porkchop":2,"minecraft:sand":1,"minecraft:carrot":32,"minecraft:white_bed":1,"minecraft:redstone":26,"minecraft:spider_eye":1,"minecraft:rotten_flesh":10,"minecraft:diamond":3,"sophisticatedbackpacks:copper_backpack":1,"minecraft:coal":59,"minecraft:cobblestone":23},"minecraft:mined":{"minecraft:deepslate_redstone_ore":5,"minecraft:diamond_ore":3,"create:deepslate_zinc_ore":23,"minecraft:tuff":1,"minecraft:white_bed":1,"minecraft:crafting_table":5,"minecraft:torch":1,"minecraft:glow_lichen":1,"minecraft:grass_block":1,"minecraft:tall_grass":5,"minecraft:lapis_ore":2,"minecraft:deepslate_gold_ore":11,"minecraft:wall_torch":1,"minecraft:redstone_ore":2,"minecraft:furnace":2,"minecraft:carrots":8,"minecraft:iron_ore":23,"minecraft:wheat":14,"minecraft:deepslate_lapis_ore":1,"minecraft:grass":14,"minecraft:oak_log":11,"minecraft:coal_ore":31,"minecraft:deepslate_iron_ore":24,"minecraft:sand":1,"minecraft:stone":22,"create:limestone":1,"minecraft:oak_leaves":2,"minecraft:deepslate":37},"minecraft:killed_by":{"minecraft:player":3},"minecraft:killed":{"minecraft:pig":1,"minecraft:zombie_villager":1,"minecraft:spider":10,"minecraft:skeleton":3,"minecraft:zombie":10,"minecraft:chicken":2},"minecraft:crafted":{"minecraft:oak_planks":28,"minecraft:crafting_table":1,"minecraft:wooden_pickaxe":1,"minecraft:iron_sword":1,"minecraft:furnace":1,"minecraft:bucket":1,"create:experience_nugget":9,"minecraft:stone_axe":1,"minecraft:bread":4,"minecraft:air":0,"minecraft:iron_axe":1,"minecraft:stick":40,"minecraft:iron_ingot":17,"minecraft:iron_pickaxe":1,"minecraft:stone_pickaxe":1,"minecraft:torch":96},"minecraft:dropped":{"minecraft:cobbled_deepslate":1}},"DataVersion":3465}