{"stats":{"minecraft:custom":{"minecraft:time_since_rest":3056,"minecraft:open_chest":5,"minecraft:crouch_one_cm":5254,"minecraft:play_time":12388,"minecraft:interact_with_furnace":1,"minecraft:sprint_one_cm":16494,"minecraft:walk_one_cm":18923,"minecraft:damage_taken":473,"minecraft:deaths":2,"minecraft:sneak_time":1737,"minecraft:jump":204,"minecraft:damage_dealt":106,"minecraft:time_since_death":3032,"minecraft:walk_on_water_one_cm":360,"minecraft:total_world_time":12388,"minecraft:fall_one_cm":4231,"minecraft:fly_one_cm":43659},"minecraft:used":{"create:experience_block":1},"minecraft:picked_up":{"create:experience_block":2,"minecraft:bone":2,"minecraft:sand":1},"minecraft:mined":{"minecraft:grass":7,"minecraft:grass_block":1,"minecraft:sand":1,"minecraft:tall_grass":5},"minecraft:killed_by":{"minecraft:player":1},"minecraft:crafted":{"create:experience_nugget":9}},"DataVersion":3465}