{"stats":{"minecraft:custom":{"minecraft:jump":50,"minecraft:time_since_rest":4830,"minecraft:leave_game":1,"minecraft:sprint_one_cm":10352,"minecraft:play_time":4830,"minecraft:damage_taken":100,"minecraft:time_since_death":4830,"minecraft:walk_one_cm":7674,"minecraft:total_world_time":4830,"minecraft:fall_one_cm":1943,"minecraft:fly_one_cm":9885},"minecraft:used":{"alexsmobs:animal_dictionary":1},"minecraft:picked_up":{"minecraft:spruce_log":2,"minecraft:snowball":16,"minecraft:dirt":12}},"DataVersion":3465}