{"stats":{"minecraft:custom":{"minecraft:interact_with_furnace":27,"minecraft:interact_with_anvil":3,"minecraft:mob_kills":29,"minecraft:interact_with_crafting_table":5,"minecraft:sword_summoned":764,"minecraft:interact_with_grindstone":2,"minecraft:leave_game":7,"minecraft:time_since_death":25568,"minecraft:sleep_in_bed":2,"minecraft:damage_resisted":2509,"minecraft:damage_absorbed":4420,"minecraft:time_since_rest":22542,"minecraft:sprint_one_cm":652614,"minecraft:damage_taken":25619,"minecraft:walk_one_cm":728211,"minecraft:damage_blocked_by_shield":205,"minecraft:drop":29,"minecraft:damage_dealt":10543,"minecraft:player_kills":13,"minecraft:swim_one_cm":43652,"minecraft:fly_one_cm":653661,"minecraft:play_time":159080,"minecraft:crouch_one_cm":25969,"minecraft:open_chest":36,"minecraft:deaths":25,"minecraft:sneak_time":9441,"minecraft:walk_under_water_one_cm":7880,"minecraft:jump":1886,"minecraft:walk_on_water_one_cm":29919,"minecraft:fall_one_cm":249890,"minecraft:total_world_time":159080},"minecraft:broken":{"slashblade:slashblade":2},"minecraft:used":{"minecraft:water_bucket":9,"minecraft:flint_and_steel":13,"securitycraft:keypad_chest":4,"minecraft:cactus":3,"minecraft:shield":3,"minecraft:iron_sword":80,"minecraft:torch":14,"farmersdelight:onion":6,"minecraft:diamond_block":80,"minecraft:dirt":12,"minecraft:tnt":432,"minecraft:crafting_table":1,"minecraft:red_bed":1,"minecraft:carrot":41,"minecraft:iron_pickaxe":88,"slashblade:slashblade":454,"minecraft:bread":2,"securitycraft:mine":128,"minecraft:cobblestone":9,"create:experience_block":1,"cataclysm:void_forge":21,"securitycraft:dirt_mine":65,"minecraft:andesite":5,"minecraft:bucket":8,"alexsmobs:animal_dictionary":1,"minecraft:brown_bed":2,"minecraft:experience_bottle":366,"minecraft:enchanted_golden_apple":51},"minecraft:picked_up":{"minecraft:allium":6,"minecraft:andesite":5,"minecraft:brown_bed":1,"alexsmobs:bison_fur":2,"minecraft:flint":1,"create:raw_zinc":1,"minecraft:oak_log":3,"farmersdelight:tomato":2,"minecraft:dirt":29,"minecraft:string":4,"minecraft:flint_and_steel":1,"minecraft:bone":7,"minecraft:wheat_seeds":17,"minecraft:cobbled_deepslate":29,"minecraft:beef":14,"slashblade:slashblade":1,"minecraft:sugar_cane":37,"securitycraft:codebreaker":1,"minecraft:egg":1,"create:experience_block":2,"minecraft:sculk_catalyst":1,"minecraft:tipped_arrow":1,"minecraft:stick":1,"minecraft:raw_iron":22,"minecraft:sandstone":54,"securitycraft:mine":128,"securitycraft:dirt_mine":1,"minecraft:oak_fence":1,"minecraft:dandelion":1,"minecraft:porkchop":3,"minecraft:sand":91,"farmersdelight:tomato_seeds":1,"minecraft:spruce_log":2,"minecraft:carrot":41,"minecraft:diamond_block":384,"minecraft:tnt":1,"slashblade:proudsoul":2,"minecraft:arrow":12,"minecraft:cactus":3,"alexsmobs:guster_eye":3,"minecraft:rotten_flesh":7,"farmersdelight:onion":1,"minecraft:black_wool":2,"minecraft:mutton":10,"minecraft:coal":42,"minecraft:snowball":17,"minecraft:white_wool":5,"minecraft:cobblestone":85,"minecraft:ender_pearl":1},"minecraft:mined":{"create:zinc_ore":1,"minecraft:dandelion":1,"minecraft:oak_fence":1,"minecraft:allium":2,"minecraft:grass_block":6,"minecraft:dead_bush":2,"farmersdelight:tomatoes":2,"minecraft:tall_grass":21,"minecraft:cobblestone":1,"minecraft:sugar_cane":11,"minecraft:tall_seagrass":1,"farmersdelight:wild_onions":6,"minecraft:carrots":8,"minecraft:iron_ore":22,"minecraft:fire":9,"minecraft:andesite":5,"minecraft:tnt":1,"securitycraft:dirt_mine":2,"minecraft:grass":69,"minecraft:coal_ore":42,"minecraft:oak_log":3,"minecraft:sand":8,"minecraft:gravel":1,"minecraft:dirt":5,"minecraft:stone":10,"minecraft:fern":1},"minecraft:killed_by":{"minecraft:warden":1,"minecraft:player":9,"minecraft:skeleton":1},"minecraft:killed":{"alexsmobs:guster":8,"minecraft:spider":3,"minecraft:skeleton":3,"minecraft:sheep":7,"minecraft:zombie":2,"minecraft:stray":1,"alexsmobs:bison":2,"alexsmobs:tusklin":1,"minecraft:enderman":1},"minecraft:crafted":{"minecraft:oak_planks":12,"minecraft:crafting_table":1,"minecraft:iron_helmet":1,"minecraft:iron_sword":1,"create:experience_nugget":9,"minecraft:air":0,"minecraft:iron_chestplate":1,"minecraft:iron_boots":1,"minecraft:iron_axe":1,"minecraft:stick":16,"minecraft:iron_ingot":51,"minecraft:iron_pickaxe":1,"minecraft:iron_leggings":1,"minecraft:torch":44},"minecraft:dropped":{"minecraft:porkchop":3,"minecraft:wheat_seeds":7,"slashblade:proudsoul":1,"minecraft:ender_pearl":1,"minecraft:experience_bottle":82,"minecraft:rotten_flesh":7,"minecraft:cobblestone":74,"alexsmobs:bison_fur":2,"minecraft:flint_and_steel":1,"minecraft:stick":1,"securitycraft:codebreaker":1,"minecraft:dirt":9,"minecraft:red_bed":1,"minecraft:tipped_arrow":1,"minecraft:shield":1,"minecraft:allium":6,"minecraft:snowball":1,"minecraft:brown_bed":1,"farmersdelight:onion":1,"create:crushed_raw_iron":1,"minecraft:sand":12,"minecraft:arrow":3,"minecraft:beef":14,"minecraft:egg":1,"minecraft:blue_bed":1,"minecraft:bone":2}},"DataVersion":3465}