{"stats":{"minecraft:custom":{"minecraft:interact_with_anvil":3,"minecraft:mob_kills":25,"minecraft:interact_with_crafting_table":2,"minecraft:sword_summoned":764,"minecraft:leave_game":4,"minecraft:time_since_death":2733,"minecraft:sleep_in_bed":1,"minecraft:damage_resisted":2509,"minecraft:damage_absorbed":4420,"minecraft:time_since_rest":2800,"minecraft:sprint_one_cm":531219,"minecraft:damage_taken":24886,"minecraft:walk_one_cm":614635,"minecraft:damage_blocked_by_shield":205,"minecraft:drop":29,"minecraft:damage_dealt":8517,"minecraft:swim_one_cm":24154,"minecraft:fly_one_cm":537009,"minecraft:player_kills":9,"minecraft:open_chest":28,"minecraft:crouch_one_cm":25910,"minecraft:play_time":130787,"minecraft:deaths":23,"minecraft:sneak_time":9289,"minecraft:walk_under_water_one_cm":7092,"minecraft:jump":1391,"minecraft:walk_on_water_one_cm":15928,"minecraft:total_world_time":130787,"minecraft:fall_one_cm":242155},"minecraft:broken":{"slashblade:slashblade":2},"minecraft:used":{"minecraft:water_bucket":9,"minecraft:flint_and_steel":13,"securitycraft:keypad_chest":4,"minecraft:cactus":3,"minecraft:shield":3,"minecraft:diamond_block":80,"minecraft:dirt":11,"minecraft:tnt":432,"minecraft:red_bed":1,"minecraft:carrot":14,"slashblade:slashblade":454,"create:experience_block":1,"securitycraft:mine":128,"cataclysm:void_forge":21,"securitycraft:dirt_mine":65,"minecraft:bucket":8,"alexsmobs:animal_dictionary":1,"minecraft:brown_bed":2,"minecraft:experience_bottle":366,"minecraft:enchanted_golden_apple":51},"minecraft:picked_up":{"minecraft:allium":6,"minecraft:brown_bed":1,"alexsmobs:bison_fur":2,"minecraft:dirt":29,"minecraft:string":2,"minecraft:flint_and_steel":1,"minecraft:bone":6,"minecraft:wheat_seeds":10,"minecraft:cobbled_deepslate":29,"minecraft:beef":14,"slashblade:slashblade":1,"minecraft:sugar_cane":9,"securitycraft:codebreaker":1,"create:experience_block":2,"minecraft:egg":1,"minecraft:sculk_catalyst":1,"minecraft:tipped_arrow":1,"minecraft:stick":1,"minecraft:sandstone":54,"securitycraft:mine":128,"securitycraft:dirt_mine":1,"minecraft:dandelion":1,"minecraft:porkchop":3,"minecraft:sand":91,"minecraft:spruce_log":2,"minecraft:carrot":11,"minecraft:diamond_block":384,"minecraft:tnt":1,"minecraft:arrow":10,"slashblade:proudsoul":2,"minecraft:cactus":3,"alexsmobs:guster_eye":3,"minecraft:rotten_flesh":7,"farmersdelight:onion":1,"minecraft:black_wool":2,"minecraft:mutton":10,"minecraft:snowball":17,"minecraft:white_wool":5,"minecraft:cobblestone":74,"minecraft:ender_pearl":1},"minecraft:mined":{"minecraft:dandelion":1,"minecraft:allium":2,"minecraft:grass_block":6,"minecraft:dead_bush":2,"minecraft:tall_grass":21,"minecraft:sugar_cane":1,"minecraft:tall_seagrass":1,"farmersdelight:wild_onions":6,"minecraft:fire":9,"minecraft:tnt":1,"securitycraft:dirt_mine":2,"minecraft:grass":66,"minecraft:sand":8,"minecraft:dirt":5,"minecraft:fern":1},"minecraft:killed_by":{"minecraft:warden":1,"minecraft:player":7,"minecraft:skeleton":1},"minecraft:crafted":{"minecraft:iron_helmet":1,"create:experience_nugget":9,"minecraft:iron_boots":1,"minecraft:iron_chestplate":1,"minecraft:iron_ingot":29,"minecraft:iron_leggings":1},"minecraft:killed":{"alexsmobs:guster":8,"minecraft:spider":1,"minecraft:skeleton":1,"minecraft:sheep":7,"minecraft:zombie":2,"minecraft:stray":1,"alexsmobs:bison":2,"alexsmobs:tusklin":1,"minecraft:enderman":1},"minecraft:dropped":{"minecraft:porkchop":3,"minecraft:wheat_seeds":7,"slashblade:proudsoul":1,"minecraft:ender_pearl":1,"minecraft:experience_bottle":82,"minecraft:cobblestone":74,"minecraft:rotten_flesh":7,"alexsmobs:bison_fur":2,"minecraft:flint_and_steel":1,"minecraft:stick":1,"securitycraft:codebreaker":1,"minecraft:dirt":9,"minecraft:red_bed":1,"minecraft:tipped_arrow":1,"minecraft:shield":1,"minecraft:allium":6,"minecraft:snowball":1,"minecraft:brown_bed":1,"farmersdelight:onion":1,"create:crushed_raw_iron":1,"minecraft:sand":12,"minecraft:arrow":3,"minecraft:beef":14,"minecraft:egg":1,"minecraft:blue_bed":1,"minecraft:bone":2}},"DataVersion":3465}