{"stats":{"minecraft:custom":{"minecraft:interact_with_crafting_table":41,"minecraft:leave_game":12,"minecraft:time_since_death":54152,"minecraft:damage_resisted":3876,"minecraft:sprint_one_cm":1286218,"minecraft:drop":91,"minecraft:talked_to_villager":4,"minecraft:play_time":633527,"minecraft:deaths":25,"minecraft:jump":7741,"minecraft:walk_on_water_one_cm":56841,"minecraft:interact_with_furnace":37,"minecraft:sleep_in_bed":5,"minecraft:damage_dealt":97270,"minecraft:player_kills":6,"minecraft:crouch_one_cm":17451,"minecraft:use_cauldron":9,"minecraft:mob_kills":343,"minecraft:interact_with_anvil":5,"minecraft:sword_summoned":999,"minecraft:damage_dealt_resisted":465,"minecraft:climb_one_cm":1759,"minecraft:walk_one_cm":788911,"minecraft:damage_dealt_absorbed":160,"minecraft:sneak_time":11094,"minecraft:walk_under_water_one_cm":53319,"minecraft:total_world_time":633527,"minecraft:time_since_rest":7835,"minecraft:damage_taken":31314,"minecraft:damage_absorbed":4903,"minecraft:swim_one_cm":63607,"minecraft:fly_one_cm":2025277,"minecraft:open_chest":101,"minecraft:fall_one_cm":291081},"minecraft:used":{"minecraft:axolotl_spawn_egg":5,"minecraft:chest":11,"minecraft:iron_sword":175,"securitycraft:security_camera":1,"securitycraft:username_logger":1,"minecraft:rotten_flesh":10,"create:cogwheel":68,"create:mechanical_crafter":33,"minecraft:axolotl_bucket":1,"minecraft:snowball":2,"minecraft:obsidian":1,"minecraft:warden_spawn_egg":3,"securitycraft:camera_monitor":1,"minecraft:lava_bucket":18,"minecraft:grass_block":60,"create:millstone":2,"create:andesite_funnel":7,"minecraft:bow":16,"create:shaft":61,"minecraft:furnace":4,"minecraft:oak_sapling":25,"create:mechanical_drill":4,"securitycraft:laser_block":15,"securitycraft:wire_cutters":2,"minecraft:diorite":1,"create:crushing_wheel":8,"minecraft:stone_pickaxe":124,"minecraft:oak_planks":10,"minecraft:wooden_pickaxe":59,"minecraft:redstone_block":2,"minecraft:blue_bed":1,"minecraft:sand":8,"minecraft:bread":4,"minecraft:gravel":32,"minecraft:golden_helmet":2,"securitycraft:mine":404,"minecraft:wooden_sword":43,"create:basin":4,"minecraft:andesite":9,"minecraft:smooth_stone_slab":1,"create:vertical_gearbox":33,"create:large_cogwheel":38,"minecraft:stone_sword":131,"minecraft:flint_and_steel":1,"minecraft:light_gray_carpet":1,"securitycraft:remote_access_mine":11,"minecraft:torch":315,"minecraft:dirt":43,"minecraft:anvil":1,"minecraft:white_carpet":2,"minecraft:golden_shovel":32,"minecraft:granite":2,"minecraft:iron_hoe":9,"minecraft:wooden_axe":57,"create:wrench":261,"create:gearbox":26,"slashblade:slashblade":553,"securitycraft:universal_block_modifier":4,"create:creative_motor":5,"minecraft:smooth_basalt":3,"minecraft:bamboo":11,"securitycraft:sentry":1,"minecraft:beef":5,"securitycraft:reinforced_glass":10,"farmersdelight:cooking_pot":2,"minecraft:cooked_beef":2,"minecraft:cobbled_deepslate":80,"minecraft:enchanted_golden_apple":55,"create:belt_connector":32,"minecraft:brown_bed":2,"minecraft:pointed_dripstone":3,"minecraft:calcite":1,"minecraft:water_bucket":99,"minecraft:baked_potato":9,"minecraft:cauldron":3,"securitycraft:scanner_door_item":1,"create:encased_fan":5,"create:brass_funnel":7,"minecraft:tnt":292,"minecraft:crafting_table":7,"minecraft:campfire":2,"minecraft:oak_log":2,"minecraft:diamond_pickaxe":81,"minecraft:apple":6,"create:mechanical_press":4,"minecraft:iron_pickaxe":738,"create:water_wheel":3,"alexsmobs:sombrero":2,"create:large_water_wheel":7,"minecraft:stone_axe":10,"minecraft:cobblestone":46,"securitycraft:cage_trap":2,"minecraft:bucket":74,"create:hand_crank":2,"minecraft:smooth_stone":82},"minecraft:broken":{"minecraft:golden_helmet":1,"minecraft:leather_leggings":1,"minecraft:golden_shovel":1,"minecraft:wooden_axe":1,"minecraft:stone_sword":1,"slashblade:slashblade":2,"minecraft:wooden_pickaxe":1,"minecraft:iron_pickaxe":3},"minecraft:picked_up":{"minecraft:chainmail_boots":2,"securitycraft:laser_block":1,"minecraft:string":51,"create:limestone":5,"minecraft:raw_copper":67,"alexsmobs:blood_sac":1,"create:mechanical_press":3,"minecraft:cobbled_deepslate":104,"minecraft:spruce_planks":64,"minecraft:calcite":1,"minecraft:iron_pickaxe":1,"minecraft:enchanted_golden_apple":1,"minecraft:furnace":3,"minecraft:stick":17,"minecraft:torch":14,"create:andesite_casing":2,"securitycraft:camera_monitor":1,"securitycraft:lens":18,"minecraft:pointed_dripstone":14,"minecraft:diorite":5,"minecraft:cauldron":1,"create:large_cogwheel":1,"slashblade:proudsoul":2,"minecraft:rotten_flesh":67,"farmersdelight:onion":4,"create:asurine":54,"alexsmobs:emu_egg":3,"minecraft:snowball":48,"minecraft:cobblestone":408,"minecraft:feather":2,"minecraft:andesite":32,"minecraft:potato":2,"minecraft:flint":2,"create:raw_zinc":44,"alexsmobs:rocky_shell":1,"minecraft:lapis_lazuli":126,"minecraft:dirt":37,"minecraft:bone":179,"minecraft:glass":3,"minecraft:wheat_seeds":14,"minecraft:raw_gold":33,"create:shaft":4,"minecraft:bamboo":93,"slashblade:slashblade":2,"minecraft:oak_planks":18,"securitycraft:mine":4,"create:cogwheel":4,"minecraft:sand":92,"minecraft:grass_block":2,"create:crimsite":64,"minecraft:diamond":31,"minecraft:crossbow":1,"minecraft:granite":4,"alexsmobs:tarantula_hawk_wing_fragment":1,"cataclysm:ancient_metal_nugget":1,"minecraft:chainmail_helmet":3,"minecraft:light_gray_carpet":1,"minecraft:oak_sapling":27,"minecraft:netherrack":11,"minecraft:crimson_roots":1,"minecraft:crafting_table":1,"minecraft:allium":8,"securitycraft:redstone_module":1,"minecraft:chicken":1,"minecraft:leather_leggings":1,"minecraft:shield":5,"minecraft:white_carpet":2,"minecraft:beef":20,"securitycraft:smart_module":1,"create:basin":4,"minecraft:poppy":3,"minecraft:sugar_cane":3,"minecraft:raw_iron":154,"minecraft:sandstone":16,"farmersdelight:tomato_seeds":2,"create:hand_crank":2,"minecraft:redstone":187,"create:vertical_gearbox":1,"minecraft:arrow":14,"minecraft:hay_block":9,"minecraft:white_wool":1,"create:iron_sheet":4,"minecraft:glow_ink_sac":3,"minecraft:leather":8,"minecraft:chainmail_chestplate":3,"minecraft:oak_log":42,"create:andesite_alloy":64,"minecraft:gunpowder":2,"minecraft:white_banner":4,"create:crushing_wheel":2,"minecraft:apple":1,"farmersdelight:cooking_pot":1,"minecraft:rabbit_hide":1,"minecraft:iron_ingot":31,"minecraft:glass_bottle":2,"minecraft:iron_sword":1,"minecraft:sculk_catalyst":1,"minecraft:smooth_basalt":4,"create:large_water_wheel":1,"minecraft:quartz":9,"minecraft:gravel":51,"minecraft:spruce_sapling":1,"minecraft:spider_eye":4,"minecraft:chainmail_leggings":5,"minecraft:coal":279},"minecraft:mined":{"securitycraft:mine":1,"create:deepslate_zinc_ore":4,"create:andesite_casing":2,"minecraft:granite":2,"minecraft:grass_block":14,"minecraft:spawner":4,"minecraft:tall_seagrass":1,"minecraft:iron_ore":147,"minecraft:cobbled_deepslate":13,"minecraft:fire":24,"minecraft:deepslate_lapis_ore":11,"create:asurine":58,"minecraft:pointed_dripstone":9,"create:mechanical_press":3,"create:limestone":5,"minecraft:deepslate_redstone_ore":28,"create:cogwheel":1,"minecraft:crimson_nylium":6,"minecraft:powder_snow":1,"minecraft:torch":3,"minecraft:calcite":6,"minecraft:dead_bush":1,"minecraft:nether_quartz_ore":9,"minecraft:cobblestone":49,"minecraft:sugar_cane":1,"minecraft:oak_planks":10,"minecraft:wall_torch":6,"minecraft:amethyst_block":5,"minecraft:cauldron":1,"create:large_water_wheel":1,"create:basin":4,"minecraft:grass":42,"minecraft:oak_log":42,"minecraft:sand":5,"minecraft:dirt":6,"minecraft:smooth_basalt":4,"minecraft:netherrack":6,"create:crimsite":71,"minecraft:oak_leaves":21,"minecraft:deepslate":69,"create:zinc_ore":39,"minecraft:deepslate_diamond_ore":31,"create:large_cogwheel":1,"minecraft:hay_block":9,"minecraft:redstone_ore":17,"create:shaft":2,"minecraft:furnace":3,"minecraft:andesite":31,"minecraft:deepslate_iron_ore":8,"minecraft:stone":104,"farmersdelight:cooking_pot":1,"minecraft:light_gray_carpet":1,"minecraft:crafting_table":1,"minecraft:tall_grass":13,"minecraft:copper_ore":19,"minecraft:lapis_ore":12,"minecraft:deepslate_gold_ore":12,"farmersdelight:wild_tomatoes":2,"minecraft:diorite":5,"minecraft:white_carpet":2,"minecraft:coal_ore":169,"minecraft:gravel":33,"minecraft:dripstone_block":1,"minecraft:cobweb":47,"minecraft:gold_ore":21},"minecraft:killed_by":{"minecraft:zombie":1,"minecraft:player":9,"minecraft:warden":4,"alexsmobs:crimson_mosquito":1},"minecraft:killed":{"minecraft:witch":1,"minecraft:spider":12,"alexsmobs:snow_leopard":1,"minecraft:skeleton":19,"minecraft:creeper":4,"alexsmobs:crimson_mosquito":3,"minecraft:sheep":1,"minecraft:pillager":11,"minecraft:zombie":36,"alexsmobs:terrapin":1,"minecraft:stray":1,"minecraft:cow":11,"alexsmobs:tarantula_hawk":1,"alexsmobs:rattlesnake":1,"minecraft:drowned":1,"alexsmobs:bison":1,"minecraft:warden":3,"alexsmobs:rocky_roller":1,"cataclysm:koboleton":1,"minecraft:husk":2},"minecraft:crafted":{"minecraft:oak_planks":116,"create:mechanical_press":1,"minecraft:chest":1,"create:cogwheel":2,"create:depot":1,"create:rose_quartz":1,"minecraft:cauldron":2,"minecraft:crafting_table":6,"minecraft:wooden_pickaxe":1,"minecraft:baked_potato":25,"minecraft:copper_ingot":9,"create:sand_paper":1,"minecraft:campfire":2,"minecraft:paper":3,"minecraft:diamond_pickaxe":1,"create:water_wheel":2,"minecraft:stick":80,"minecraft:iron_pickaxe":3,"minecraft:iron_ingot":90,"minecraft:iron_block":1,"minecraft:stone_sword":1,"create:large_cogwheel":2,"minecraft:wooden_sword":1,"minecraft:iron_nugget":27,"minecraft:furnace":1,"minecraft:flint_and_steel":1,"minecraft:stone_pickaxe":1,"create:basin":1,"minecraft:wheat":81,"minecraft:cooked_beef":11,"create:andesite_alloy":13,"create:hand_crank":1,"minecraft:iron_sword":1,"create:large_water_wheel":1,"minecraft:bucket":2,"minecraft:stone_axe":1,"minecraft:bread":27,"minecraft:air":0,"minecraft:wooden_axe":1,"create:shaft":16,"minecraft:torch":260},"minecraft:dropped":{"minecraft:iron_sword":1,"create:vertical_gearbox":1,"minecraft:crimson_roots":1,"minecraft:snowball":16,"minecraft:iron_pickaxe":1,"minecraft:bone":6,"minecraft:cobbled_deepslate":1,"minecraft:rotten_flesh":5,"minecraft:enchanted_golden_apple":1,"securitycraft:codebreaker":1,"create:limestone":5,"securitycraft:camera_monitor":1,"minecraft:arrow":7,"create:andesite_alloy":64,"minecraft:iron_ingot":9,"minecraft:wheat_seeds":1,"minecraft:feather":2,"minecraft:cobblestone":2,"minecraft:granite":2,"minecraft:grass_block":4,"securitycraft:laser_block":1,"minecraft:torch":1,"minecraft:white_banner":3,"minecraft:string":6,"minecraft:bucket":1,"minecraft:spruce_sapling":1,"minecraft:smooth_basalt":1,"securitycraft:mine":133,"minecraft:raw_copper":3,"minecraft:chicken":1,"minecraft:spruce_planks":64,"minecraft:andesite":1,"slashblade:slashblade":3,"minecraft:spider_eye":1}},"DataVersion":3465}