{"stats":{"minecraft:mined":{"minecraft:hay_block":9,"minecraft:light_gray_carpet":1,"iceandfire:dread_torch":1,"minecraft:white_carpet":2,"minecraft:grass":1,"minecraft:grass_block":1,"iceandfire:dread_spawner":4},"minecraft:dropped":{"securitycraft:laser_block":1,"securitycraft:camera_monitor":1},"minecraft:killed":{"iceandfire:dread_knight":30,"iceandfire:dread_thrall":32,"iceandfire:dread_ghoul":12,"iceandfire:dread_scuttler":4,"iceandfire:dread_beast":9},"minecraft:killed_by":{"iceandfire:dread_ghoul":1},"minecraft:picked_up":{"minecraft:chainmail_boots":1,"securitycraft:redstone_module":1,"iceandfire:dread_torch":1,"securitycraft:laser_block":1,"iceandfire:dragonegg_white":1,"iceandfire:dread_sword":2,"securitycraft:camera_monitor":1,"minecraft:sand":23,"securitycraft:lens":18,"minecraft:chainmail_chestplate":2,"minecraft:shield":1,"minecraft:dirt":1,"minecraft:white_carpet":2,"minecraft:bone":67,"minecraft:rotten_flesh":18,"minecraft:iron_ingot":7,"minecraft:chainmail_leggings":2,"minecraft:hay_block":9,"iceandfire:dragonegg_blue":3,"iceandfire:dread_shard":52,"iceandfire:dread_knight_sword":4,"securitycraft:smart_module":1,"minecraft:chainmail_helmet":2,"minecraft:bamboo":93,"minecraft:light_gray_carpet":1},"minecraft:custom":{"minecraft:time_since_rest":7190,"minecraft:sprint_one_cm":88960,"minecraft:damage_taken":3706,"minecraft:walk_one_cm":120941,"minecraft:mob_kills":97,"minecraft:drop":2,"minecraft:damage_dealt":29754,"minecraft:swim_one_cm":5450,"minecraft:talked_to_villager":2,"minecraft:interact_with_crafting_table":1,"minecraft:fly_one_cm":289044,"minecraft:open_chest":11,"minecraft:crouch_one_cm":3251,"minecraft:play_time":72403,"minecraft:deaths":1,"minecraft:sneak_time":1746,"minecraft:walk_under_water_one_cm":7587,"minecraft:jump":689,"minecraft:leave_game":1,"minecraft:walk_on_water_one_cm":2513,"minecraft:time_since_death":7101,"minecraft:total_world_time":72403,"minecraft:fall_one_cm":15045},"minecraft:crafted":{"minecraft:bread":27,"minecraft:wheat":81},"minecraft:used":{"iceandfire:lectern":1,"minecraft:iron_hoe":9,"minecraft:water_bucket":27,"securitycraft:camera_monitor":1,"iceandfire:dragonsteel_lightning_pickaxe":4,"minecraft:grass_block":22,"minecraft:bread":3,"minecraft:light_gray_carpet":1,"securitycraft:universal_block_modifier":4,"minecraft:axolotl_spawn_egg":4,"iceandfire:dread_stone_bricks":1,"securitycraft:security_camera":1,"iceandfire:dragon_ice":3,"securitycraft:username_logger":1,"securitycraft:scanner_door_item":1,"minecraft:rotten_flesh":1,"minecraft:bamboo":11,"iceandfire:frozen_dirt":1,"minecraft:dirt":1,"minecraft:white_carpet":2,"iceandfire:dread_queen_sword":230,"securitycraft:laser_block":15,"securitycraft:cage_trap":2,"iceandfire:dragonegg_white":2,"iceandfire:dragonegg_blue":4,"securitycraft:wire_cutters":2,"minecraft:axolotl_bucket":1,"minecraft:obsidian":1}},"DataVersion":3465}