{"stats":{"minecraft:mined":{"minecraft:hay_block":9,"minecraft:light_gray_carpet":1,"minecraft:white_carpet":2,"minecraft:grass":1,"minecraft:grass_block":1},"minecraft:dropped":{"securitycraft:laser_block":1,"securitycraft:camera_monitor":1},"minecraft:picked_up":{"securitycraft:redstone_module":1,"securitycraft:laser_block":1,"iceandfire:dragonegg_white":1,"securitycraft:camera_monitor":1,"minecraft:sand":23,"securitycraft:lens":18,"minecraft:dirt":1,"minecraft:white_carpet":2,"minecraft:rotten_flesh":1,"minecraft:hay_block":9,"iceandfire:dragonegg_blue":3,"securitycraft:smart_module":1,"minecraft:bamboo":93,"minecraft:light_gray_carpet":1},"minecraft:custom":{"minecraft:time_since_rest":60403,"minecraft:sprint_one_cm":61275,"minecraft:damage_taken":70,"minecraft:walk_one_cm":75269,"minecraft:mob_kills":10,"minecraft:drop":2,"minecraft:damage_dealt":433,"minecraft:swim_one_cm":5450,"minecraft:talked_to_villager":2,"minecraft:interact_with_crafting_table":1,"minecraft:fly_one_cm":224599,"minecraft:open_chest":4,"minecraft:crouch_one_cm":3247,"minecraft:play_time":60403,"minecraft:sneak_time":1534,"minecraft:walk_under_water_one_cm":7587,"minecraft:jump":560,"minecraft:leave_game":1,"minecraft:walk_on_water_one_cm":2513,"minecraft:time_since_death":60403,"minecraft:total_world_time":60403,"minecraft:fall_one_cm":14165},"minecraft:crafted":{"minecraft:bread":27,"minecraft:wheat":81},"minecraft:used":{"iceandfire:lectern":1,"minecraft:iron_hoe":9,"minecraft:water_bucket":27,"securitycraft:camera_monitor":1,"minecraft:grass_block":22,"minecraft:bread":3,"minecraft:light_gray_carpet":1,"securitycraft:universal_block_modifier":4,"minecraft:axolotl_spawn_egg":4,"securitycraft:security_camera":1,"iceandfire:dragon_ice":3,"securitycraft:username_logger":1,"securitycraft:scanner_door_item":1,"minecraft:bamboo":11,"iceandfire:frozen_dirt":1,"minecraft:dirt":1,"minecraft:white_carpet":2,"securitycraft:laser_block":15,"securitycraft:cage_trap":2,"iceandfire:dragonegg_white":2,"iceandfire:dragonegg_blue":4,"securitycraft:wire_cutters":2,"minecraft:axolotl_bucket":1,"minecraft:obsidian":1}},"DataVersion":3465}