{"stats":{"minecraft:custom":{"minecraft:mob_kills":317,"minecraft:interact_with_anvil":5,"minecraft:interact_with_crafting_table":10,"minecraft:sword_summoned":999,"minecraft:leave_game":11,"minecraft:time_since_death":157590,"minecraft:climb_one_cm":1759,"minecraft:damage_resisted":3465,"minecraft:sprint_one_cm":810050,"minecraft:walk_one_cm":672351,"minecraft:drop":75,"minecraft:talked_to_villager":2,"minecraft:play_time":496494,"minecraft:sneak_time":8606,"minecraft:deaths":21,"minecraft:walk_under_water_one_cm":35255,"minecraft:jump":5734,"minecraft:walk_on_water_one_cm":38469,"minecraft:total_world_time":496494,"minecraft:interact_with_furnace":10,"minecraft:time_since_rest":157618,"minecraft:damage_taken":29400,"minecraft:damage_absorbed":4135,"minecraft:damage_dealt":92934,"minecraft:player_kills":6,"minecraft:swim_one_cm":42299,"minecraft:fly_one_cm":1659313,"minecraft:open_chest":44,"minecraft:crouch_one_cm":14473,"minecraft:fall_one_cm":227610},"minecraft:broken":{"minecraft:golden_helmet":1,"minecraft:stone_sword":1,"minecraft:leather_leggings":1,"minecraft:wooden_pickaxe":1,"slashblade:slashblade":2,"minecraft:iron_pickaxe":2,"minecraft:wooden_axe":1},"minecraft:used":{"minecraft:stone_sword":131,"minecraft:light_gray_carpet":1,"minecraft:axolotl_spawn_egg":5,"minecraft:chest":10,"minecraft:iron_sword":6,"securitycraft:remote_access_mine":11,"securitycraft:security_camera":1,"securitycraft:username_logger":1,"minecraft:rotten_flesh":10,"minecraft:torch":259,"minecraft:dirt":20,"minecraft:anvil":1,"minecraft:white_carpet":2,"create:cogwheel":62,"create:mechanical_crafter":33,"minecraft:granite":2,"minecraft:axolotl_bucket":1,"minecraft:snowball":2,"minecraft:obsidian":1,"minecraft:warden_spawn_egg":3,"minecraft:wooden_axe":57,"securitycraft:camera_monitor":1,"minecraft:iron_hoe":9,"minecraft:lava_bucket":4,"create:wrench":261,"create:gearbox":26,"minecraft:grass_block":60,"slashblade:slashblade":553,"securitycraft:universal_block_modifier":4,"create:millstone":2,"create:creative_motor":5,"create:andesite_funnel":7,"minecraft:smooth_basalt":2,"minecraft:bamboo":11,"securitycraft:sentry":1,"minecraft:bow":16,"minecraft:beef":5,"create:shaft":57,"securitycraft:reinforced_glass":10,"create:mechanical_drill":4,"minecraft:oak_sapling":25,"minecraft:furnace":3,"securitycraft:laser_block":15,"minecraft:cobbled_deepslate":43,"minecraft:enchanted_golden_apple":43,"minecraft:brown_bed":2,"securitycraft:wire_cutters":2,"create:belt_connector":32,"minecraft:calcite":1,"minecraft:water_bucket":57,"minecraft:diorite":1,"create:crushing_wheel":8,"minecraft:stone_pickaxe":123,"minecraft:oak_planks":9,"minecraft:wooden_pickaxe":59,"minecraft:redstone_block":2,"minecraft:blue_bed":1,"securitycraft:scanner_door_item":1,"minecraft:sand":8,"create:encased_fan":5,"create:brass_funnel":7,"minecraft:tnt":292,"minecraft:crafting_table":5,"minecraft:apple":6,"minecraft:bread":4,"minecraft:iron_pickaxe":583,"create:water_wheel":2,"alexsmobs:sombrero":2,"create:large_water_wheel":5,"minecraft:golden_helmet":2,"securitycraft:mine":404,"minecraft:wooden_sword":43,"minecraft:cobblestone":7,"securitycraft:cage_trap":2,"minecraft:andesite":4,"minecraft:bucket":20,"minecraft:smooth_stone_slab":1,"create:vertical_gearbox":33,"minecraft:smooth_stone":82,"create:large_cogwheel":35},"minecraft:picked_up":{"minecraft:allium":8,"securitycraft:redstone_module":1,"minecraft:chainmail_boots":2,"minecraft:chicken":1,"minecraft:leather_leggings":1,"securitycraft:laser_block":1,"minecraft:shield":5,"minecraft:string":7,"create:limestone":5,"minecraft:raw_copper":67,"minecraft:white_carpet":2,"minecraft:cobbled_deepslate":63,"minecraft:spruce_planks":64,"minecraft:beef":5,"minecraft:iron_pickaxe":1,"securitycraft:smart_module":1,"minecraft:calcite":1,"minecraft:poppy":2,"minecraft:enchanted_golden_apple":1,"minecraft:furnace":3,"minecraft:stick":16,"minecraft:raw_iron":154,"minecraft:sandstone":16,"minecraft:torch":12,"securitycraft:camera_monitor":1,"securitycraft:lens":18,"minecraft:diorite":5,"minecraft:redstone":187,"create:vertical_gearbox":1,"slashblade:proudsoul":2,"minecraft:arrow":14,"minecraft:rotten_flesh":60,"farmersdelight:onion":4,"minecraft:hay_block":9,"create:asurine":23,"minecraft:cobblestone":356,"minecraft:snowball":48,"minecraft:white_wool":1,"minecraft:feather":2,"minecraft:glow_ink_sac":3,"minecraft:andesite":5,"minecraft:leather":1,"minecraft:potato":1,"minecraft:flint":1,"create:andesite_alloy":64,"create:raw_zinc":44,"minecraft:oak_log":42,"minecraft:chainmail_chestplate":3,"minecraft:gunpowder":2,"minecraft:lapis_lazuli":126,"minecraft:dirt":12,"minecraft:white_banner":4,"minecraft:bone":179,"create:crushing_wheel":2,"minecraft:glass":3,"minecraft:apple":1,"minecraft:wheat_seeds":12,"minecraft:raw_gold":24,"minecraft:rabbit_hide":1,"minecraft:iron_ingot":26,"create:shaft":2,"minecraft:glass_bottle":2,"slashblade:slashblade":2,"minecraft:bamboo":93,"minecraft:iron_sword":1,"minecraft:oak_planks":9,"minecraft:sculk_catalyst":1,"minecraft:smooth_basalt":3,"securitycraft:mine":4,"create:cogwheel":3,"minecraft:gravel":19,"minecraft:sand":91,"minecraft:spruce_sapling":1,"minecraft:grass_block":2,"minecraft:spider_eye":4,"create:crimsite":64,"minecraft:diamond":8,"minecraft:chainmail_leggings":5,"minecraft:granite":4,"minecraft:crossbow":1,"alexsmobs:tarantula_hawk_wing_fragment":1,"cataclysm:ancient_metal_nugget":1,"minecraft:chainmail_helmet":3,"minecraft:oak_sapling":25,"minecraft:light_gray_carpet":1,"minecraft:coal":279},"minecraft:mined":{"create:zinc_ore":39,"securitycraft:mine":1,"create:deepslate_zinc_ore":4,"minecraft:deepslate_diamond_ore":8,"minecraft:granite":2,"minecraft:grass_block":11,"minecraft:spawner":1,"minecraft:hay_block":9,"minecraft:tall_seagrass":1,"minecraft:redstone_ore":17,"minecraft:furnace":3,"minecraft:iron_ore":147,"minecraft:fire":18,"minecraft:andesite":4,"minecraft:deepslate_lapis_ore":11,"create:asurine":27,"minecraft:deepslate_iron_ore":8,"minecraft:stone":100,"create:limestone":5,"minecraft:deepslate_redstone_ore":28,"minecraft:light_gray_carpet":1,"minecraft:powder_snow":1,"minecraft:torch":3,"minecraft:calcite":3,"minecraft:dead_bush":1,"minecraft:tall_grass":10,"minecraft:copper_ore":19,"minecraft:lapis_ore":12,"minecraft:deepslate_gold_ore":10,"minecraft:oak_planks":9,"minecraft:diorite":5,"minecraft:wall_torch":4,"minecraft:amethyst_block":3,"minecraft:white_carpet":2,"minecraft:grass":31,"minecraft:oak_log":42,"minecraft:coal_ore":169,"minecraft:dripstone_block":1,"minecraft:sand":4,"minecraft:dirt":2,"minecraft:smooth_basalt":3,"create:crimsite":71,"minecraft:deepslate":47,"minecraft:gold_ore":14,"minecraft:oak_leaves":21},"minecraft:killed_by":{"minecraft:player":9,"minecraft:warden":4},"minecraft:killed":{"minecraft:witch":1,"alexsmobs:tarantula_hawk":1,"minecraft:spider":10,"alexsmobs:snow_leopard":1,"alexsmobs:rattlesnake":1,"minecraft:skeleton":17,"alexsmobs:bison":1,"minecraft:drowned":1,"minecraft:warden":3,"cataclysm:koboleton":1,"minecraft:husk":2,"minecraft:creeper":4,"minecraft:sheep":1,"minecraft:pillager":11,"minecraft:zombie":27,"alexsmobs:terrapin":1,"minecraft:stray":1,"minecraft:cow":2},"minecraft:crafted":{"minecraft:wooden_sword":1,"minecraft:oak_planks":64,"minecraft:furnace":1,"minecraft:stone_pickaxe":1,"minecraft:wheat":81,"minecraft:crafting_table":5,"minecraft:wooden_pickaxe":1,"minecraft:iron_sword":1,"minecraft:stone_axe":1,"minecraft:bread":27,"minecraft:air":0,"minecraft:stick":72,"minecraft:iron_ingot":11,"minecraft:iron_pickaxe":3,"minecraft:wooden_axe":1,"minecraft:stone_sword":1,"minecraft:torch":260},"minecraft:dropped":{"minecraft:iron_sword":1,"create:vertical_gearbox":1,"minecraft:feather":2,"minecraft:cobblestone":2,"minecraft:granite":2,"minecraft:grass_block":4,"securitycraft:laser_block":1,"minecraft:torch":1,"minecraft:snowball":16,"minecraft:white_banner":3,"minecraft:iron_pickaxe":1,"minecraft:string":6,"minecraft:spruce_sapling":1,"minecraft:bone":6,"securitycraft:mine":133,"minecraft:raw_copper":3,"minecraft:chicken":1,"minecraft:rotten_flesh":3,"minecraft:enchanted_golden_apple":1,"securitycraft:codebreaker":1,"minecraft:spruce_planks":64,"minecraft:andesite":1,"slashblade:slashblade":3,"create:limestone":5,"minecraft:spider_eye":1,"securitycraft:camera_monitor":1,"minecraft:arrow":7,"create:andesite_alloy":64}},"DataVersion":3465}