{"stats":{"minecraft:mined":{"minecraft:light_gray_carpet":1,"iceandfire:dread_torch":1,"minecraft:grass_block":1,"iceandfire:dread_spawner":12,"minecraft:hay_block":9,"minecraft:white_carpet":2,"minecraft:grass":2},"minecraft:dropped":{"securitycraft:laser_block":1,"minecraft:snowball":16,"securitycraft:camera_monitor":1},"minecraft:killed":{"alexsmobs:snow_leopard":1,"iceandfire:dread_beast":10,"minecraft:pillager":6,"iceandfire:dread_knight":86,"iceandfire:dread_thrall":65,"iceandfire:dread_scuttler":12,"iceandfire:dread_ghoul":40},"minecraft:killed_by":{"iceandfire:dread_ghoul":1},"minecraft:custom":{"minecraft:mob_kills":233,"minecraft:interact_with_crafting_table":1,"minecraft:leave_game":1,"minecraft:time_since_death":31101,"minecraft:time_since_rest":31190,"minecraft:sprint_one_cm":117117,"minecraft:damage_taken":11583,"minecraft:walk_one_cm":173540,"minecraft:drop":18,"minecraft:damage_dealt":68728,"minecraft:swim_one_cm":5450,"minecraft:talked_to_villager":2,"minecraft:fly_one_cm":426377,"minecraft:open_chest":25,"minecraft:crouch_one_cm":3455,"minecraft:play_time":96403,"minecraft:deaths":1,"minecraft:sneak_time":2251,"minecraft:walk_under_water_one_cm":7587,"minecraft:jump":1049,"minecraft:walk_on_water_one_cm":2513,"minecraft:total_world_time":96403,"minecraft:fall_one_cm":24823},"minecraft:picked_up":{"securitycraft:redstone_module":1,"minecraft:chainmail_boots":2,"securitycraft:laser_block":1,"iceandfire:dragonegg_white":1,"minecraft:chainmail_chestplate":3,"minecraft:shield":4,"minecraft:dirt":1,"minecraft:white_banner":1,"minecraft:white_carpet":2,"minecraft:bone":167,"minecraft:iron_ingot":25,"iceandfire:dread_knight_sword":6,"iceandfire:dread_shard":139,"securitycraft:smart_module":1,"minecraft:poppy":2,"minecraft:bamboo":93,"securitycraft:camera_monitor":1,"iceandfire:dread_sword":5,"iceandfire:dread_torch":1,"minecraft:sand":23,"securitycraft:lens":18,"minecraft:spider_eye":3,"minecraft:rotten_flesh":37,"minecraft:chainmail_leggings":5,"minecraft:hay_block":9,"iceandfire:dragonegg_blue":3,"minecraft:chainmail_helmet":3,"minecraft:light_gray_carpet":1,"minecraft:snowball":44,"minecraft:cobblestone":1},"minecraft:crafted":{"minecraft:bread":27,"minecraft:wheat":81},"minecraft:used":{"iceandfire:lectern":1,"minecraft:water_bucket":27,"iceandfire:dragonsteel_lightning_pickaxe":12,"minecraft:light_gray_carpet":1,"minecraft:axolotl_spawn_egg":4,"securitycraft:security_camera":1,"iceandfire:dread_stone_bricks":1,"securitycraft:username_logger":1,"securitycraft:scanner_door_item":1,"minecraft:rotten_flesh":9,"iceandfire:frozen_dirt":1,"minecraft:dirt":1,"minecraft:white_carpet":2,"iceandfire:dragonegg_white":2,"iceandfire:dragonegg_blue":4,"minecraft:axolotl_bucket":1,"minecraft:snowball":2,"minecraft:obsidian":1,"minecraft:iron_hoe":9,"securitycraft:camera_monitor":1,"minecraft:grass_block":22,"minecraft:bread":3,"securitycraft:universal_block_modifier":4,"iceandfire:dragon_ice":3,"minecraft:bamboo":11,"minecraft:cobblestone":1,"iceandfire:dread_queen_sword":500,"securitycraft:laser_block":15,"securitycraft:cage_trap":2,"securitycraft:wire_cutters":2}},"DataVersion":3465}