{"stats":{"minecraft:custom":{"minecraft:interact_with_crafting_table":166,"minecraft:bell_ring":2,"minecraft:leave_game":25,"minecraft:time_since_death":18576,"minecraft:damage_resisted":3876,"minecraft:sprint_one_cm":2128071,"minecraft:damage_blocked_by_shield":123,"minecraft:drop":210,"minecraft:talked_to_villager":4,"minecraft:play_time":1190482,"minecraft:deaths":34,"minecraft:jump":12632,"minecraft:walk_on_water_one_cm":101981,"minecraft:interact_with_furnace":97,"minecraft:sleep_in_bed":22,"minecraft:damage_dealt":108174,"minecraft:player_kills":9,"minecraft:crouch_one_cm":23427,"minecraft:use_cauldron":19,"minecraft:interact_with_anvil":5,"minecraft:mob_kills":394,"minecraft:fill_cauldron":21,"minecraft:sword_summoned":999,"minecraft:damage_dealt_resisted":791,"minecraft:climb_one_cm":2069,"minecraft:walk_one_cm":1314159,"minecraft:damage_dealt_absorbed":160,"minecraft:sneak_time":17704,"minecraft:walk_under_water_one_cm":84603,"minecraft:total_world_time":1190482,"minecraft:time_since_rest":18401,"minecraft:damage_taken":36309,"minecraft:damage_absorbed":4903,"minecraft:swim_one_cm":102782,"minecraft:fly_one_cm":3051939,"minecraft:open_chest":403,"minecraft:fall_one_cm":432028},"minecraft:broken":{"minecraft:golden_helmet":1,"minecraft:leather_leggings":1,"minecraft:golden_shovel":1,"minecraft:stone_axe":1,"minecraft:iron_sword":1,"minecraft:wooden_axe":1,"minecraft:stone_sword":1,"minecraft:wooden_pickaxe":1,"slashblade:slashblade":2,"minecraft:iron_axe":1,"minecraft:iron_pickaxe":4},"minecraft:used":{"create:deployer":2,"minecraft:axolotl_spawn_egg":5,"minecraft:chest":19,"minecraft:shield":7,"minecraft:iron_sword":365,"securitycraft:security_camera":2,"securitycraft:username_logger":1,"minecraft:rotten_flesh":15,"create:fluid_tank":202,"securitycraft:keypad_item":2,"create:white_sail":54,"create:cogwheel":119,"create:mechanical_crafter":70,"minecraft:carrot":39,"create:depot":10,"minecraft:tuff":5,"minecraft:axolotl_bucket":1,"minecraft:snowball":2,"minecraft:obsidian":1,"minecraft:warden_spawn_egg":3,"minecraft:glass":1,"securitycraft:camera_monitor":2,"minecraft:lava_bucket":122,"farmersdelight:tomato":15,"minecraft:grass_block":111,"create:scoria":1,"create:millstone":3,"create:andesite_funnel":7,"create:experience_block":1,"minecraft:bow":16,"create:rotation_speed_controller":2,"create:shaft":136,"minecraft:oak_sapling":57,"create:steam_engine":4,"minecraft:furnace":4,"create:mechanical_drill":4,"securitycraft:laser_block":15,"minecraft:egg":1,"securitycraft:wire_cutters":2,"minecraft:diorite":1,"create:crushing_wheel":13,"minecraft:oak_planks":58,"minecraft:stone_pickaxe":124,"minecraft:wooden_pickaxe":59,"minecraft:sandstone":4,"minecraft:sugar_cane":3,"minecraft:redstone_block":2,"minecraft:blue_bed":1,"create:copper_valve_handle":4,"create:spout":2,"minecraft:sand":67,"create:flywheel":1,"minecraft:dripstone_block":1,"minecraft:bread":27,"create:andesite_casing":2,"minecraft:gravel":32,"minecraft:golden_helmet":2,"securitycraft:mine":404,"minecraft:wooden_sword":43,"create:basin":15,"minecraft:andesite":17,"minecraft:smooth_stone_slab":1,"create:large_cogwheel":60,"create:steam_whistle":2,"create:vertical_gearbox":54,"create:weighted_ejector":1,"sophisticatedbackpacks:iron_backpack":1,"minecraft:stone_sword":131,"minecraft:flint_and_steel":4,"create:wooden_bracket":3,"minecraft:light_gray_carpet":1,"securitycraft:remote_access_mine":11,"minecraft:cooked_chicken":1,"minecraft:netherrack":8,"minecraft:torch":425,"create:mechanical_pump":10,"minecraft:dirt":122,"minecraft:anvil":1,"minecraft:white_carpet":2,"create:mechanical_mixer":3,"alexsmobs:cooked_kangaroo_meat":2,"minecraft:golden_shovel":32,"minecraft:granite":2,"minecraft:iron_hoe":9,"minecraft:wooden_axe":57,"create:wrench":452,"create:gearbox":39,"minecraft:iron_axe":227,"minecraft:oak_stairs":3,"slashblade:slashblade":553,"securitycraft:universal_block_modifier":4,"create:creative_motor":5,"minecraft:bamboo":11,"minecraft:smooth_basalt":3,"minecraft:blaze_spawn_egg":1,"securitycraft:sentry":1,"minecraft:beef":5,"create:fluid_valve":3,"minecraft:soul_soil":2,"securitycraft:reinforced_glass":10,"farmersdelight:tomato_seeds":7,"minecraft:pointed_dripstone":85,"farmersdelight:cooking_pot":2,"minecraft:brown_bed":2,"create:belt_connector":62,"create:fluid_pipe":285,"minecraft:enchanted_golden_apple":55,"minecraft:cooked_beef":15,"create:smart_fluid_pipe":3,"minecraft:cobbled_deepslate":94,"minecraft:calcite":1,"minecraft:wheat_seeds":62,"minecraft:water_bucket":135,"create:empty_blaze_burner":3,"minecraft:baked_potato":25,"minecraft:cauldron":49,"securitycraft:scanner_door_item":1,"create:blaze_burner":13,"create:item_drain":1,"create:encased_fan":12,"minecraft:tnt":292,"create:brass_funnel":12,"minecraft:crafting_table":8,"securitycraft:reinforced_cauldron":3,"minecraft:campfire":12,"minecraft:oak_log":11,"minecraft:wooden_hoe":14,"minecraft:diamond_pickaxe":270,"farmersdelight:apple_cider":1,"minecraft:apple":7,"create:mechanical_press":4,"create:windmill_bearing":3,"minecraft:iron_pickaxe":989,"create:water_wheel":6,"alexsmobs:sombrero":2,"create:large_water_wheel":9,"minecraft:stone_axe":108,"minecraft:cobblestone":222,"minecraft:cobbled_deepslate_slab":4,"securitycraft:cage_trap":2,"minecraft:bucket":111,"minecraft:yellow_bed":1,"create:hand_crank":5,"minecraft:stripped_oak_log":2,"minecraft:kelp":16,"minecraft:smooth_stone":82},"minecraft:picked_up":{"minecraft:wheat":71,"minecraft:chainmail_boots":2,"create:mechanical_crafter":28,"create:spout":1,"securitycraft:laser_block":1,"alexsmobs:gazelle_horn":3,"minecraft:string":53,"minecraft:soul_soil":1,"minecraft:raw_copper":124,"create:limestone":5,"create:water_wheel":2,"alexsmobs:blood_sac":1,"create:mechanical_press":3,"minecraft:gold_nugget":6,"minecraft:cobbled_deepslate":156,"minecraft:spruce_planks":64,"minecraft:calcite":2,"minecraft:iron_pickaxe":1,"minecraft:enchanted_golden_apple":1,"minecraft:furnace":3,"securitycraft:reinforced_redstone_block":1,"minecraft:stick":45,"create:mechanical_mixer":2,"minecraft:torch":22,"create:andesite_casing":11,"securitycraft:camera_monitor":1,"securitycraft:lens":18,"minecraft:pointed_dripstone":16,"minecraft:diorite":5,"minecraft:cauldron":1,"create:large_cogwheel":7,"slashblade:proudsoul":2,"minecraft:rotten_flesh":88,"create:copper_casing":1,"create:scoria":1,"farmersdelight:onion":4,"create:ochrum":98,"create:asurine":54,"alexsmobs:emu_egg":4,"minecraft:blaze_rod":2,"minecraft:snowball":48,"minecraft:blaze_powder":1,"minecraft:cobblestone":419,"minecraft:feather":4,"minecraft:andesite":44,"minecraft:potato":2,"create:belt_connector":6,"minecraft:flint":3,"minecraft:tuff":13,"create:raw_zinc":54,"alexsmobs:rocky_shell":1,"minecraft:lapis_lazuli":164,"farmersdelight:tomato":15,"minecraft:dirt":51,"minecraft:glass":3,"minecraft:bone":184,"minecraft:wheat_seeds":216,"minecraft:raw_gold":61,"minecraft:cobbled_deepslate_slab":3,"create:shaft":31,"slashblade:slashblade":2,"minecraft:bamboo":93,"minecraft:oak_planks":49,"create:experience_block":1,"securitycraft:mine":4,"create:cogwheel":16,"create:empty_blaze_burner":3,"minecraft:sand":182,"sophisticatedbackpacks:iron_backpack":1,"minecraft:grass_block":2,"securitycraft:reinforced_stone":16,"alexsmobs:kangaroo_hide":2,"create:crimsite":64,"minecraft:diamond":31,"minecraft:crossbow":1,"minecraft:granite":4,"alexsmobs:tarantula_hawk_wing_fragment":1,"cataclysm:ancient_metal_nugget":1,"minecraft:chainmail_helmet":3,"minecraft:oak_sapling":72,"minecraft:light_gray_carpet":1,"minecraft:netherrack":17,"minecraft:crimson_roots":1,"create:white_sail":9,"minecraft:crafting_table":2,"minecraft:allium":8,"securitycraft:redstone_module":1,"minecraft:chicken":2,"minecraft:leather_leggings":1,"securitycraft:reinforced_glass_pane":1,"minecraft:shield":5,"create:fluid_pipe":22,"minecraft:white_carpet":2,"create:brass_funnel":1,"minecraft:beef":20,"securitycraft:smart_module":1,"create:basin":14,"minecraft:iron_nugget":10,"minecraft:poppy":3,"minecraft:sugar_cane":29,"minecraft:chest":2,"minecraft:egg":1,"minecraft:raw_iron":212,"minecraft:sandstone":26,"create:golden_sheet":4,"create:blaze_cake":1,"create:windmill_bearing":1,"farmersdelight:tomato_seeds":4,"create:hand_crank":4,"minecraft:carrot":47,"minecraft:redstone":291,"create:vertical_gearbox":7,"create:deployer":1,"minecraft:arrow":19,"minecraft:hay_block":9,"create:depot":7,"minecraft:gold_ingot":1,"minecraft:mutton":2,"alexsmobs:kangaroo_meat":6,"minecraft:white_wool":1,"minecraft:stripped_oak_log":44,"create:iron_sheet":10,"create:brass_sheet":5,"minecraft:glow_ink_sac":6,"minecraft:leather":8,"create:andesite_alloy":64,"minecraft:oak_log":91,"minecraft:chainmail_chestplate":3,"minecraft:yellow_bed":1,"minecraft:gunpowder":3,"securitycraft:reinforced_glass":1,"minecraft:white_banner":4,"create:crushing_wheel":7,"create:crushed_raw_iron":1,"minecraft:apple":6,"farmersdelight:cooking_pot":1,"minecraft:kelp":76,"minecraft:rabbit_hide":1,"minecraft:iron_ingot":45,"minecraft:glass_bottle":2,"minecraft:iron_sword":1,"sophisticatedbackpacks:diamond_backpack":1,"minecraft:sculk_catalyst":1,"minecraft:smooth_basalt":8,"create:large_water_wheel":2,"minecraft:quartz":33,"minecraft:raw_iron_block":1,"minecraft:dripstone_block":1,"minecraft:gravel":58,"minecraft:spruce_sapling":1,"minecraft:spider_eye":4,"create:gearbox":1,"create:brass_ingot":3,"minecraft:chainmail_leggings":5,"create:encased_fan":6,"minecraft:coal":288},"minecraft:mined":{"securitycraft:mine":1,"create:deepslate_zinc_ore":14,"create:copper_casing":1,"create:andesite_casing":11,"minecraft:granite":2,"minecraft:grass_block":24,"minecraft:soul_soil":1,"create:belt":7,"minecraft:spawner":5,"minecraft:tall_seagrass":2,"minecraft:raw_iron_block":1,"minecraft:iron_ore":161,"minecraft:cobbled_deepslate":25,"minecraft:fire":24,"minecraft:deepslate_lapis_ore":17,"create:asurine":58,"minecraft:pointed_dripstone":9,"create:mechanical_press":3,"create:limestone":5,"create:lit_blaze_burner":2,"minecraft:deepslate_redstone_ore":51,"create:cogwheel":13,"minecraft:kelp_plant":12,"minecraft:crimson_nylium":6,"minecraft:soul_fire":2,"minecraft:powder_snow":1,"minecraft:torch":4,"minecraft:calcite":6,"minecraft:chest":2,"minecraft:dead_bush":1,"minecraft:nether_quartz_ore":32,"minecraft:cobblestone":52,"minecraft:oak_planks":42,"minecraft:sugar_cane":15,"minecraft:wall_torch":9,"minecraft:amethyst_block":5,"minecraft:cauldron":1,"create:large_water_wheel":2,"create:basin":14,"minecraft:wheat":71,"create:mechanical_mixer":2,"create:brass_belt_funnel":2,"create:spout":1,"minecraft:grass":67,"minecraft:oak_log":91,"create:hand_crank":2,"minecraft:sand":56,"minecraft:dirt":10,"minecraft:smooth_basalt":4,"minecraft:netherrack":13,"minecraft:deepslate":101,"create:crimsite":71,"minecraft:oak_leaves":38,"create:zinc_ore":39,"minecraft:tuff":9,"minecraft:deepslate_diamond_ore":31,"minecraft:cobbled_deepslate_slab":3,"create:large_cogwheel":7,"create:ochrum":98,"create:depot":7,"create:encased_fan":6,"farmersdelight:tomatoes":2,"minecraft:kelp":52,"minecraft:sandstone":4,"minecraft:hay_block":9,"minecraft:redstone_ore":17,"create:shaft":25,"minecraft:furnace":3,"minecraft:carrots":12,"create:white_sail":9,"minecraft:andesite":41,"create:windmill_bearing":1,"minecraft:deepslate_iron_ore":52,"minecraft:stripped_oak_log":41,"create:deployer":1,"minecraft:stone":112,"farmersdelight:cooking_pot":1,"minecraft:light_gray_carpet":1,"minecraft:crafting_table":2,"create:water_wheel":2,"minecraft:copper_ore":38,"minecraft:tall_grass":15,"minecraft:lapis_ore":12,"farmersdelight:wild_tomatoes":2,"minecraft:deepslate_gold_ore":38,"minecraft:diorite":5,"create:blaze_burner":1,"create:experience_block":3,"create:gearbox":7,"minecraft:white_carpet":2,"minecraft:yellow_bed":1,"create:crushing_wheel":3,"minecraft:coal_ore":179,"create:mechanical_crafter":28,"minecraft:gravel":33,"minecraft:dripstone_block":2,"minecraft:cobweb":47,"minecraft:gold_ore":23},"minecraft:killed_by":{"minecraft:zombified_piglin":2,"minecraft:creeper":1,"alexsmobs:elephant":1,"minecraft:zombie":1,"minecraft:player":11,"minecraft:warden":4,"alexsmobs:crimson_mosquito":1},"minecraft:killed":{"minecraft:zombified_piglin":7,"minecraft:witch":2,"minecraft:spider":13,"alexsmobs:snow_leopard":1,"minecraft:skeleton":27,"minecraft:chicken":1,"alexsmobs:kangaroo":3,"minecraft:creeper":6,"alexsmobs:crimson_mosquito":3,"minecraft:sheep":1,"minecraft:pillager":11,"minecraft:zombie":52,"alexsmobs:terrapin":3,"minecraft:stray":1,"minecraft:cow":11,"alexsmobs:tarantula_hawk":1,"alexsmobs:rattlesnake":1,"alexsmobs:bison":1,"minecraft:drowned":2,"minecraft:warden":3,"alexsmobs:rocky_roller":1,"cataclysm:koboleton":1,"minecraft:husk":3,"alexsmobs:emu":2,"alexsmobs:cockroach":1,"alexsmobs:gazelle":4},"minecraft:crafted":{"minecraft:oak_planks":352,"minecraft:barrel":6,"minecraft:stone":17,"securitycraft:keypad_item":2,"minecraft:heavy_weighted_pressure_plate":2,"create:deployer":1,"securitycraft:laser_block":1,"sophisticatedbackpacks:smelting_upgrade":1,"minecraft:glass":17,"minecraft:iron_boots":1,"create:mechanical_press":1,"minecraft:chest":8,"create:spout":1,"minecraft:copper_block":1,"create:cogwheel":26,"create:brass_hand":1,"minecraft:glass_bottle":3,"minecraft:oak_slab":18,"create:depot":2,"sophisticatedbackpacks:backpack":1,"create:rose_quartz":10,"minecraft:cauldron":2,"minecraft:crafting_table":16,"farmersdelight:iron_knife":1,"securitycraft:reinforced_stone_button":16,"minecraft:iron_helmet":1,"minecraft:baked_potato":25,"minecraft:wooden_pickaxe":1,"minecraft:copper_ingot":64,"create:sand_paper":2,"minecraft:campfire":2,"sophisticatedbackpacks:upgrade_base":1,"create:mechanical_mixer":1,"farmersdelight:apple_cider":1,"create:gearbox":3,"create:encased_fan":1,"minecraft:iron_chestplate":1,"minecraft:wooden_hoe":1,"minecraft:paper":6,"minecraft:diamond_pickaxe":1,"create:water_wheel":4,"minecraft:shield":1,"sophisticatedbackpacks:diamond_backpack":1,"minecraft:stick":112,"minecraft:iron_ingot":153,"securitycraft:security_camera":1,"minecraft:iron_pickaxe":3,"minecraft:iron_block":1,"minecraft:stone_sword":1,"securitycraft:camera_monitor":1,"minecraft:gold_ingot":31,"create:large_cogwheel":3,"create:propeller":1,"create:empty_blaze_burner":1,"securitycraft:universal_block_reinforcer_lvl1":1,"minecraft:wooden_sword":1,"minecraft:cobbled_deepslate_slab":6,"minecraft:raw_iron":9,"create:wrench":1,"create:steam_engine":1,"minecraft:iron_nugget":153,"create:white_sail":22,"minecraft:furnace":2,"create:experience_nugget":9,"minecraft:glass_pane":16,"minecraft:flint_and_steel":1,"minecraft:iron_axe":1,"create:millstone":1,"minecraft:stone_pickaxe":1,"create:fluid_tank":6,"minecraft:redstone_block":2,"create:basin":1,"create:electron_tube":10,"create:belt_connector":9,"create:windmill_bearing":1,"minecraft:wheat":81,"sophisticatedbackpacks:iron_backpack":1,"minecraft:cooked_beef":15,"minecraft:sugar":1,"create:steam_whistle":1,"create:andesite_alloy":70,"create:hand_crank":1,"minecraft:dried_kelp":61,"minecraft:iron_sword":2,"create:large_water_wheel":2,"sophisticatedbackpacks:gold_backpack":1,"minecraft:bucket":3,"minecraft:stone_axe":1,"minecraft:bread":50,"minecraft:air":0,"create:whisk":1,"create:mechanical_crafter":27,"minecraft:wooden_axe":1,"minecraft:iron_leggings":1,"create:mechanical_drill":1,"create:shaft":64,"minecraft:torch":360,"create:zinc_ingot":35},"minecraft:dropped":{"create:belt_connector":1,"minecraft:iron_sword":1,"create:vertical_gearbox":1,"minecraft:soul_sand":28,"create:crimsite":64,"minecraft:crimson_roots":1,"minecraft:snowball":16,"create:crushed_raw_iron":108,"minecraft:sand":54,"minecraft:iron_pickaxe":1,"minecraft:gold_ingot":6,"minecraft:bone":6,"minecraft:gravel":13,"create:experience_block":2,"minecraft:iron_nugget":1,"minecraft:cobbled_deepslate":2,"minecraft:rotten_flesh":5,"minecraft:oak_planks":1,"minecraft:enchanted_golden_apple":1,"minecraft:blaze_powder":1,"create:asurine":54,"minecraft:carrot":11,"sophisticatedbackpacks:diamond_backpack":1,"securitycraft:codebreaker":1,"create:limestone":5,"create:brass_ingot":8,"securitycraft:camera_monitor":1,"minecraft:arrow":7,"minecraft:quartz":2,"create:andesite_alloy":70,"minecraft:iron_ingot":27,"minecraft:wheat_seeds":4,"minecraft:feather":2,"minecraft:cobblestone":17,"minecraft:granite":2,"minecraft:copper_ingot":64,"minecraft:grass_block":4,"minecraft:lava_bucket":1,"securitycraft:laser_block":1,"minecraft:torch":1,"create:blaze_cake":1,"minecraft:white_banner":3,"minecraft:string":62,"minecraft:bucket":1,"minecraft:smooth_basalt":5,"minecraft:spruce_sapling":1,"securitycraft:mine":133,"minecraft:blaze_rod":2,"minecraft:raw_copper":3,"create:crushed_raw_zinc":14,"minecraft:tuff":7,"minecraft:raw_iron":70,"minecraft:chicken":1,"minecraft:stripped_oak_log":4,"create:experience_nugget":32,"minecraft:spruce_planks":64,"create:zinc_ingot":58,"minecraft:andesite":3,"slashblade:slashblade":3,"minecraft:spider_eye":1,"minecraft:sandstone":6}},"DataVersion":3465}