{"stats":{"minecraft:custom":{"minecraft:mob_kills":292,"minecraft:interact_with_anvil":5,"minecraft:interact_with_crafting_table":8,"minecraft:sword_summoned":999,"minecraft:leave_game":10,"minecraft:time_since_death":66482,"minecraft:climb_one_cm":1759,"minecraft:damage_resisted":2940,"minecraft:sprint_one_cm":604864,"minecraft:walk_one_cm":594158,"minecraft:drop":59,"minecraft:talked_to_villager":2,"minecraft:play_time":405386,"minecraft:sneak_time":7635,"minecraft:deaths":21,"minecraft:walk_under_water_one_cm":34603,"minecraft:jump":4428,"minecraft:walk_on_water_one_cm":29158,"minecraft:total_world_time":405386,"minecraft:interact_with_furnace":8,"minecraft:time_since_rest":66510,"minecraft:damage_taken":28341,"minecraft:damage_absorbed":2911,"minecraft:damage_dealt":87890,"minecraft:player_kills":6,"minecraft:swim_one_cm":40886,"minecraft:fly_one_cm":1502332,"minecraft:open_chest":42,"minecraft:crouch_one_cm":11952,"minecraft:fall_one_cm":190160},"minecraft:broken":{"minecraft:wooden_pickaxe":1,"slashblade:slashblade":2,"minecraft:iron_pickaxe":1},"minecraft:used":{"minecraft:stone_sword":16,"minecraft:light_gray_carpet":1,"minecraft:axolotl_spawn_egg":5,"minecraft:chest":10,"securitycraft:remote_access_mine":11,"securitycraft:security_camera":1,"securitycraft:username_logger":1,"minecraft:rotten_flesh":10,"minecraft:torch":140,"minecraft:dirt":20,"minecraft:anvil":1,"minecraft:white_carpet":2,"create:cogwheel":62,"create:mechanical_crafter":33,"minecraft:axolotl_bucket":1,"minecraft:snowball":2,"minecraft:obsidian":1,"minecraft:warden_spawn_egg":3,"minecraft:wooden_axe":54,"securitycraft:camera_monitor":1,"minecraft:iron_hoe":9,"minecraft:lava_bucket":4,"create:wrench":261,"create:gearbox":26,"minecraft:grass_block":60,"slashblade:slashblade":553,"securitycraft:universal_block_modifier":4,"create:millstone":2,"create:creative_motor":5,"create:andesite_funnel":7,"minecraft:bamboo":11,"securitycraft:sentry":1,"minecraft:bow":16,"minecraft:beef":5,"create:shaft":57,"securitycraft:reinforced_glass":10,"create:mechanical_drill":4,"minecraft:oak_sapling":25,"minecraft:furnace":2,"securitycraft:laser_block":15,"minecraft:enchanted_golden_apple":29,"minecraft:brown_bed":2,"securitycraft:wire_cutters":2,"create:belt_connector":32,"minecraft:calcite":1,"minecraft:water_bucket":57,"minecraft:diorite":1,"create:crushing_wheel":8,"minecraft:stone_pickaxe":122,"minecraft:oak_planks":9,"minecraft:wooden_pickaxe":59,"minecraft:redstone_block":2,"minecraft:blue_bed":1,"securitycraft:scanner_door_item":1,"minecraft:sand":8,"create:encased_fan":5,"create:brass_funnel":7,"minecraft:tnt":292,"minecraft:crafting_table":4,"minecraft:apple":6,"minecraft:bread":4,"minecraft:iron_pickaxe":268,"create:water_wheel":2,"alexsmobs:sombrero":2,"create:large_water_wheel":5,"minecraft:golden_helmet":2,"securitycraft:mine":404,"minecraft:wooden_sword":43,"minecraft:cobblestone":7,"securitycraft:cage_trap":2,"minecraft:andesite":3,"minecraft:bucket":20,"minecraft:smooth_stone_slab":1,"create:vertical_gearbox":33,"minecraft:smooth_stone":82,"create:large_cogwheel":35},"minecraft:picked_up":{"minecraft:allium":8,"securitycraft:redstone_module":1,"minecraft:chainmail_boots":2,"minecraft:chicken":1,"securitycraft:laser_block":1,"minecraft:shield":5,"minecraft:string":3,"minecraft:raw_copper":67,"minecraft:white_carpet":2,"minecraft:cobbled_deepslate":18,"minecraft:spruce_planks":64,"minecraft:beef":5,"securitycraft:smart_module":1,"minecraft:calcite":1,"minecraft:poppy":2,"minecraft:enchanted_golden_apple":1,"minecraft:furnace":2,"minecraft:stick":16,"minecraft:raw_iron":105,"minecraft:sandstone":16,"minecraft:torch":6,"securitycraft:camera_monitor":1,"securitycraft:lens":18,"minecraft:diorite":1,"minecraft:redstone":36,"create:vertical_gearbox":1,"slashblade:proudsoul":2,"minecraft:arrow":12,"minecraft:rotten_flesh":57,"farmersdelight:onion":4,"minecraft:hay_block":9,"create:asurine":23,"minecraft:cobblestone":338,"minecraft:snowball":48,"minecraft:white_wool":1,"minecraft:feather":2,"minecraft:andesite":3,"minecraft:leather":1,"minecraft:potato":1,"minecraft:flint":1,"create:andesite_alloy":64,"create:raw_zinc":36,"minecraft:oak_log":42,"minecraft:chainmail_chestplate":3,"minecraft:gunpowder":2,"minecraft:lapis_lazuli":36,"minecraft:dirt":12,"minecraft:white_banner":4,"minecraft:bone":177,"create:crushing_wheel":2,"minecraft:glass":3,"minecraft:apple":1,"minecraft:wheat_seeds":12,"minecraft:raw_gold":9,"minecraft:rabbit_hide":1,"minecraft:iron_ingot":26,"create:shaft":2,"slashblade:slashblade":2,"minecraft:bamboo":93,"minecraft:oak_planks":9,"minecraft:sculk_catalyst":1,"securitycraft:mine":4,"create:cogwheel":3,"minecraft:gravel":19,"minecraft:sand":91,"minecraft:spruce_sapling":1,"minecraft:grass_block":2,"minecraft:spider_eye":3,"minecraft:chainmail_leggings":5,"minecraft:granite":4,"minecraft:crossbow":1,"alexsmobs:tarantula_hawk_wing_fragment":1,"cataclysm:ancient_metal_nugget":1,"minecraft:chainmail_helmet":3,"minecraft:oak_sapling":25,"minecraft:light_gray_carpet":1,"minecraft:coal":219},"minecraft:mined":{"create:zinc_ore":34,"securitycraft:mine":1,"create:deepslate_zinc_ore":1,"minecraft:granite":2,"minecraft:grass_block":11,"minecraft:hay_block":9,"minecraft:tall_seagrass":1,"minecraft:redstone_ore":8,"minecraft:furnace":2,"minecraft:iron_ore":102,"minecraft:fire":18,"minecraft:andesite":3,"minecraft:deepslate_lapis_ore":2,"create:asurine":27,"minecraft:deepslate_iron_ore":7,"minecraft:stone":83,"minecraft:light_gray_carpet":1,"minecraft:powder_snow":1,"minecraft:torch":2,"minecraft:calcite":1,"minecraft:dead_bush":1,"minecraft:tall_grass":10,"minecraft:copper_ore":19,"minecraft:lapis_ore":4,"minecraft:deepslate_gold_ore":2,"minecraft:oak_planks":9,"minecraft:diorite":1,"minecraft:wall_torch":2,"minecraft:white_carpet":2,"minecraft:grass":31,"minecraft:oak_log":42,"minecraft:coal_ore":144,"minecraft:sand":4,"minecraft:dirt":2,"minecraft:gold_ore":7,"minecraft:oak_leaves":21},"minecraft:killed_by":{"minecraft:player":9,"minecraft:warden":4},"minecraft:killed":{"alexsmobs:tarantula_hawk":1,"minecraft:spider":8,"alexsmobs:snow_leopard":1,"alexsmobs:rattlesnake":1,"minecraft:skeleton":9,"alexsmobs:bison":1,"minecraft:drowned":1,"minecraft:warden":3,"cataclysm:koboleton":1,"minecraft:husk":2,"minecraft:creeper":3,"minecraft:sheep":1,"minecraft:pillager":11,"minecraft:zombie":15,"alexsmobs:terrapin":1,"minecraft:stray":1,"minecraft:cow":2},"minecraft:crafted":{"minecraft:wooden_sword":1,"minecraft:oak_planks":48,"minecraft:furnace":1,"minecraft:stone_pickaxe":1,"minecraft:wheat":81,"minecraft:crafting_table":4,"minecraft:wooden_pickaxe":1,"minecraft:iron_sword":1,"minecraft:stone_axe":1,"minecraft:bread":27,"minecraft:air":0,"minecraft:stick":48,"minecraft:iron_ingot":8,"minecraft:iron_pickaxe":2,"minecraft:wooden_axe":1,"minecraft:stone_sword":1,"minecraft:torch":160},"minecraft:dropped":{"create:vertical_gearbox":1,"minecraft:feather":2,"minecraft:cobblestone":2,"minecraft:granite":2,"minecraft:grass_block":4,"securitycraft:laser_block":1,"minecraft:snowball":16,"minecraft:white_banner":3,"minecraft:string":1,"minecraft:spruce_sapling":1,"minecraft:bone":2,"securitycraft:mine":133,"minecraft:raw_copper":3,"minecraft:chicken":1,"minecraft:rotten_flesh":1,"minecraft:enchanted_golden_apple":1,"securitycraft:codebreaker":1,"minecraft:spruce_planks":64,"slashblade:slashblade":3,"securitycraft:camera_monitor":1,"minecraft:arrow":5,"create:andesite_alloy":64}},"DataVersion":3465}