{"stats":{"minecraft:mined":{"minecraft:light_gray_carpet":1,"iceandfire:dread_torch":1,"minecraft:powder_snow":1,"minecraft:grass_block":1,"iceandfire:dread_spawner":12,"minecraft:hay_block":9,"minecraft:white_carpet":2,"minecraft:grass":2},"minecraft:killed_by":{"iceandfire:dread_ghoul":1},"minecraft:custom":{"minecraft:mob_kills":239,"minecraft:interact_with_crafting_table":1,"minecraft:leave_game":3,"minecraft:time_since_death":42760,"minecraft:time_since_rest":42849,"minecraft:sprint_one_cm":124003,"minecraft:damage_taken":11583,"minecraft:walk_one_cm":181485,"minecraft:drop":29,"minecraft:damage_dealt":70018,"minecraft:swim_one_cm":5450,"minecraft:talked_to_villager":2,"minecraft:fly_one_cm":446689,"minecraft:open_chest":25,"minecraft:crouch_one_cm":3638,"minecraft:play_time":108062,"minecraft:deaths":1,"minecraft:sneak_time":2559,"minecraft:walk_under_water_one_cm":7587,"minecraft:jump":1102,"minecraft:walk_on_water_one_cm":2513,"minecraft:total_world_time":108062,"minecraft:fall_one_cm":25450},"minecraft:used":{"iceandfire:lectern":1,"minecraft:water_bucket":27,"iceandfire:dragonsteel_lightning_pickaxe":12,"minecraft:light_gray_carpet":1,"minecraft:axolotl_spawn_egg":4,"minecraft:redstone_block":2,"securitycraft:security_camera":1,"iceandfire:dread_stone_bricks":1,"securitycraft:username_logger":1,"securitycraft:scanner_door_item":1,"minecraft:rotten_flesh":9,"create:blaze_burner":1,"iceandfire:frozen_dirt":1,"minecraft:dirt":1,"create:mechanical_mixer":5,"minecraft:white_carpet":2,"iceandfire:dragonegg_white":2,"iceandfire:dragonegg_blue":4,"minecraft:axolotl_bucket":1,"minecraft:snowball":2,"minecraft:obsidian":1,"minecraft:iron_hoe":9,"securitycraft:camera_monitor":1,"minecraft:grass_block":23,"minecraft:bread":3,"securitycraft:universal_block_modifier":4,"iceandfire:dragon_ice":3,"minecraft:bamboo":11,"minecraft:cobblestone":1,"create:basin":2,"iceandfire:dread_queen_sword":508,"securitycraft:laser_block":15,"securitycraft:cage_trap":2,"create:hand_crank":7,"securitycraft:wire_cutters":2,"create:large_cogwheel":10},"minecraft:crafted":{"minecraft:bread":27,"minecraft:wheat":81},"minecraft:killed":{"alexsmobs:snow_leopard":1,"iceandfire:dread_beast":10,"minecraft:pillager":11,"iceandfire:dread_knight":86,"iceandfire:dread_thrall":65,"minecraft:stray":1,"iceandfire:dread_ghoul":40,"iceandfire:dread_scuttler":12},"minecraft:dropped":{"securitycraft:mine":5,"minecraft:grass_block":4,"securitycraft:laser_block":1,"minecraft:snowball":16,"securitycraft:camera_monitor":1,"iceandfire:summoning_crystal_ice":2},"minecraft:picked_up":{"securitycraft:redstone_module":1,"minecraft:chainmail_boots":2,"securitycraft:laser_block":1,"iceandfire:dragonegg_white":1,"minecraft:chainmail_chestplate":3,"minecraft:shield":4,"minecraft:dirt":1,"minecraft:white_banner":1,"minecraft:white_carpet":2,"minecraft:bone":168,"minecraft:iron_ingot":25,"iceandfire:dread_knight_sword":6,"iceandfire:dread_shard":139,"securitycraft:smart_module":1,"minecraft:poppy":2,"minecraft:bamboo":93,"securitycraft:mine":3,"iceandfire:dread_torch":1,"iceandfire:dread_sword":5,"securitycraft:camera_monitor":1,"minecraft:sand":23,"securitycraft:lens":18,"create:hand_crank":1,"minecraft:grass_block":2,"minecraft:spider_eye":3,"minecraft:arrow":2,"minecraft:rotten_flesh":37,"iceandfire:summoning_crystal_ice":2,"minecraft:chainmail_leggings":5,"minecraft:hay_block":9,"minecraft:crossbow":1,"iceandfire:dragonegg_blue":3,"minecraft:chainmail_helmet":3,"minecraft:light_gray_carpet":1,"minecraft:cobblestone":1,"minecraft:snowball":44}},"DataVersion":3465}