{"stats":{"minecraft:custom":{"minecraft:mob_kills":286,"minecraft:interact_with_anvil":5,"minecraft:interact_with_crafting_table":5,"minecraft:sword_summoned":999,"minecraft:leave_game":9,"minecraft:time_since_death":33033,"minecraft:climb_one_cm":1759,"minecraft:damage_resisted":2870,"minecraft:sprint_one_cm":559008,"minecraft:walk_one_cm":575334,"minecraft:drop":55,"minecraft:talked_to_villager":2,"minecraft:play_time":371937,"minecraft:deaths":21,"minecraft:sneak_time":7601,"minecraft:walk_under_water_one_cm":31762,"minecraft:jump":4219,"minecraft:walk_on_water_one_cm":19436,"minecraft:total_world_time":371937,"minecraft:interact_with_furnace":3,"minecraft:time_since_rest":33061,"minecraft:damage_taken":28232,"minecraft:damage_absorbed":2746,"minecraft:damage_dealt":86868,"minecraft:swim_one_cm":36971,"minecraft:fly_one_cm":1485834,"minecraft:player_kills":6,"minecraft:open_chest":42,"minecraft:crouch_one_cm":11952,"minecraft:fall_one_cm":187071},"minecraft:broken":{"minecraft:wooden_pickaxe":1,"slashblade:slashblade":2},"minecraft:used":{"minecraft:light_gray_carpet":1,"minecraft:axolotl_spawn_egg":5,"minecraft:chest":10,"securitycraft:remote_access_mine":11,"securitycraft:security_camera":1,"securitycraft:username_logger":1,"minecraft:rotten_flesh":10,"minecraft:torch":71,"minecraft:dirt":20,"minecraft:anvil":1,"minecraft:white_carpet":2,"create:cogwheel":62,"create:mechanical_crafter":33,"minecraft:axolotl_bucket":1,"minecraft:snowball":2,"minecraft:obsidian":1,"minecraft:warden_spawn_egg":3,"minecraft:wooden_axe":54,"minecraft:iron_hoe":9,"securitycraft:camera_monitor":1,"minecraft:lava_bucket":4,"create:wrench":261,"create:gearbox":26,"minecraft:grass_block":60,"slashblade:slashblade":553,"securitycraft:universal_block_modifier":4,"create:millstone":2,"create:creative_motor":5,"create:andesite_funnel":7,"minecraft:bamboo":11,"securitycraft:sentry":1,"minecraft:bow":16,"minecraft:beef":5,"create:shaft":57,"minecraft:furnace":1,"minecraft:oak_sapling":25,"securitycraft:reinforced_glass":10,"create:mechanical_drill":4,"securitycraft:laser_block":15,"securitycraft:wire_cutters":2,"minecraft:enchanted_golden_apple":26,"create:belt_connector":32,"minecraft:brown_bed":2,"minecraft:calcite":1,"minecraft:water_bucket":57,"create:crushing_wheel":8,"minecraft:stone_pickaxe":121,"minecraft:oak_planks":9,"minecraft:wooden_pickaxe":59,"minecraft:redstone_block":2,"minecraft:blue_bed":1,"securitycraft:scanner_door_item":1,"minecraft:sand":8,"create:encased_fan":5,"create:brass_funnel":7,"minecraft:tnt":292,"minecraft:crafting_table":3,"minecraft:apple":6,"minecraft:bread":4,"minecraft:iron_pickaxe":142,"create:water_wheel":2,"alexsmobs:sombrero":2,"create:large_water_wheel":5,"minecraft:golden_helmet":2,"securitycraft:mine":404,"minecraft:wooden_sword":32,"minecraft:cobblestone":2,"minecraft:andesite":3,"securitycraft:cage_trap":2,"minecraft:bucket":20,"minecraft:smooth_stone_slab":1,"create:vertical_gearbox":33,"minecraft:smooth_stone":82,"create:large_cogwheel":35},"minecraft:picked_up":{"minecraft:allium":8,"minecraft:chicken":1,"securitycraft:redstone_module":1,"minecraft:chainmail_boots":2,"securitycraft:laser_block":1,"minecraft:shield":5,"minecraft:string":2,"minecraft:white_carpet":2,"minecraft:cobbled_deepslate":18,"minecraft:spruce_planks":64,"minecraft:beef":5,"minecraft:calcite":1,"securitycraft:smart_module":1,"minecraft:poppy":2,"minecraft:furnace":1,"minecraft:raw_iron":63,"minecraft:stick":16,"minecraft:sandstone":16,"minecraft:torch":5,"securitycraft:camera_monitor":1,"securitycraft:lens":18,"minecraft:diorite":1,"create:vertical_gearbox":1,"slashblade:proudsoul":2,"minecraft:arrow":12,"minecraft:rotten_flesh":55,"farmersdelight:onion":4,"minecraft:hay_block":9,"create:asurine":23,"minecraft:cobblestone":311,"minecraft:white_wool":1,"minecraft:snowball":48,"minecraft:feather":2,"minecraft:andesite":3,"minecraft:leather":1,"minecraft:flint":1,"minecraft:oak_log":42,"create:raw_zinc":32,"create:andesite_alloy":64,"minecraft:chainmail_chestplate":3,"minecraft:gunpowder":2,"minecraft:dirt":12,"minecraft:white_banner":4,"create:crushing_wheel":2,"minecraft:glass":3,"minecraft:bone":175,"minecraft:apple":1,"minecraft:wheat_seeds":12,"minecraft:raw_gold":9,"minecraft:rabbit_hide":1,"minecraft:iron_ingot":26,"create:shaft":2,"minecraft:bamboo":93,"slashblade:slashblade":2,"minecraft:oak_planks":9,"minecraft:sculk_catalyst":1,"securitycraft:mine":4,"create:cogwheel":3,"minecraft:gravel":19,"minecraft:sand":91,"minecraft:spruce_sapling":1,"minecraft:grass_block":2,"minecraft:spider_eye":3,"minecraft:chainmail_leggings":5,"minecraft:crossbow":1,"minecraft:granite":2,"alexsmobs:tarantula_hawk_wing_fragment":1,"cataclysm:ancient_metal_nugget":1,"minecraft:chainmail_helmet":3,"minecraft:oak_sapling":25,"minecraft:light_gray_carpet":1,"minecraft:coal":167},"minecraft:mined":{"create:zinc_ore":31,"securitycraft:mine":1,"minecraft:grass_block":11,"minecraft:hay_block":9,"minecraft:tall_seagrass":1,"minecraft:furnace":1,"minecraft:iron_ore":62,"minecraft:fire":18,"minecraft:andesite":3,"create:asurine":27,"minecraft:deepslate_iron_ore":4,"minecraft:stone":55,"minecraft:light_gray_carpet":1,"minecraft:powder_snow":1,"minecraft:torch":2,"minecraft:calcite":1,"minecraft:dead_bush":1,"minecraft:tall_grass":10,"minecraft:deepslate_gold_ore":2,"minecraft:oak_planks":9,"minecraft:diorite":1,"minecraft:wall_torch":1,"minecraft:white_carpet":2,"minecraft:grass":31,"minecraft:coal_ore":128,"minecraft:oak_log":42,"minecraft:sand":4,"minecraft:dirt":2,"minecraft:gold_ore":7,"minecraft:oak_leaves":21},"minecraft:killed_by":{"minecraft:player":9,"minecraft:warden":4},"minecraft:killed":{"alexsmobs:tarantula_hawk":1,"minecraft:spider":6,"alexsmobs:snow_leopard":1,"alexsmobs:rattlesnake":1,"minecraft:skeleton":8,"alexsmobs:bison":1,"minecraft:drowned":1,"minecraft:warden":3,"cataclysm:koboleton":1,"minecraft:husk":2,"minecraft:creeper":3,"minecraft:sheep":1,"minecraft:pillager":11,"minecraft:zombie":13,"alexsmobs:terrapin":1,"minecraft:stray":1,"minecraft:cow":2},"minecraft:crafted":{"minecraft:wooden_sword":1,"minecraft:oak_planks":28,"minecraft:furnace":1,"minecraft:stone_pickaxe":1,"minecraft:wheat":81,"minecraft:crafting_table":3,"minecraft:wooden_pickaxe":1,"minecraft:stone_axe":1,"minecraft:bread":27,"minecraft:air":0,"minecraft:stick":16,"minecraft:iron_pickaxe":1,"minecraft:iron_ingot":3,"minecraft:wooden_axe":1,"minecraft:stone_sword":1,"minecraft:torch":72},"minecraft:dropped":{"create:vertical_gearbox":1,"minecraft:feather":2,"minecraft:cobblestone":2,"minecraft:granite":2,"minecraft:grass_block":4,"securitycraft:laser_block":1,"minecraft:snowball":16,"minecraft:white_banner":3,"minecraft:string":1,"minecraft:spruce_sapling":1,"minecraft:bone":2,"securitycraft:mine":133,"minecraft:chicken":1,"minecraft:rotten_flesh":1,"securitycraft:codebreaker":1,"minecraft:spruce_planks":64,"slashblade:slashblade":3,"securitycraft:camera_monitor":1,"minecraft:arrow":5,"create:andesite_alloy":64}},"DataVersion":3465}