{"stats":{"minecraft:custom":{"minecraft:interact_with_crafting_table":133,"minecraft:bell_ring":2,"minecraft:leave_game":16,"minecraft:time_since_death":76649,"minecraft:damage_resisted":3876,"minecraft:sprint_one_cm":1646460,"minecraft:drop":176,"minecraft:talked_to_villager":4,"minecraft:play_time":920801,"minecraft:deaths":30,"minecraft:jump":9809,"minecraft:walk_on_water_one_cm":86996,"minecraft:interact_with_furnace":81,"minecraft:sleep_in_bed":13,"minecraft:damage_dealt":100979,"minecraft:player_kills":6,"minecraft:crouch_one_cm":20785,"minecraft:use_cauldron":17,"minecraft:interact_with_anvil":5,"minecraft:mob_kills":360,"minecraft:sword_summoned":999,"minecraft:damage_dealt_resisted":791,"minecraft:climb_one_cm":1759,"minecraft:walk_one_cm":1037679,"minecraft:damage_dealt_absorbed":160,"minecraft:sneak_time":15555,"minecraft:walk_under_water_one_cm":74712,"minecraft:total_world_time":920801,"minecraft:time_since_rest":27836,"minecraft:damage_taken":33654,"minecraft:damage_absorbed":4903,"minecraft:swim_one_cm":92420,"minecraft:fly_one_cm":2431038,"minecraft:open_chest":317,"minecraft:fall_one_cm":351916},"minecraft:broken":{"minecraft:golden_helmet":1,"minecraft:leather_leggings":1,"minecraft:golden_shovel":1,"minecraft:stone_axe":1,"minecraft:iron_sword":1,"minecraft:wooden_axe":1,"minecraft:stone_sword":1,"minecraft:wooden_pickaxe":1,"slashblade:slashblade":2,"minecraft:iron_pickaxe":3},"minecraft:picked_up":{"minecraft:chainmail_boots":2,"create:mechanical_crafter":28,"securitycraft:laser_block":1,"minecraft:string":51,"minecraft:raw_copper":67,"create:limestone":5,"create:water_wheel":1,"alexsmobs:blood_sac":1,"create:mechanical_press":3,"minecraft:gold_nugget":2,"minecraft:cobbled_deepslate":112,"minecraft:spruce_planks":64,"minecraft:calcite":1,"minecraft:iron_pickaxe":1,"minecraft:enchanted_golden_apple":1,"minecraft:furnace":3,"minecraft:stick":45,"create:mechanical_mixer":2,"minecraft:torch":14,"create:andesite_casing":10,"securitycraft:camera_monitor":1,"securitycraft:lens":18,"minecraft:pointed_dripstone":14,"minecraft:diorite":5,"minecraft:cauldron":1,"create:large_cogwheel":5,"slashblade:proudsoul":2,"minecraft:rotten_flesh":80,"farmersdelight:onion":4,"create:asurine":54,"alexsmobs:emu_egg":3,"minecraft:blaze_rod":2,"minecraft:snowball":48,"minecraft:blaze_powder":1,"minecraft:cobblestone":408,"minecraft:feather":2,"minecraft:andesite":40,"minecraft:potato":2,"create:belt_connector":6,"minecraft:flint":2,"create:raw_zinc":44,"alexsmobs:rocky_shell":1,"minecraft:lapis_lazuli":126,"minecraft:dirt":50,"minecraft:glass":3,"minecraft:bone":180,"minecraft:wheat_seeds":19,"minecraft:raw_gold":33,"minecraft:cobbled_deepslate_slab":3,"create:shaft":31,"slashblade:slashblade":2,"minecraft:bamboo":93,"minecraft:oak_planks":40,"securitycraft:mine":4,"create:cogwheel":16,"create:empty_blaze_burner":3,"minecraft:sand":155,"sophisticatedbackpacks:iron_backpack":1,"minecraft:grass_block":2,"create:crimsite":64,"minecraft:diamond":31,"minecraft:crossbow":1,"minecraft:granite":4,"alexsmobs:tarantula_hawk_wing_fragment":1,"cataclysm:ancient_metal_nugget":1,"minecraft:chainmail_helmet":3,"minecraft:light_gray_carpet":1,"minecraft:oak_sapling":68,"minecraft:netherrack":17,"minecraft:crimson_roots":1,"create:white_sail":9,"minecraft:crafting_table":1,"minecraft:allium":8,"securitycraft:redstone_module":1,"minecraft:chicken":1,"minecraft:leather_leggings":1,"minecraft:shield":5,"minecraft:white_carpet":2,"create:brass_funnel":1,"minecraft:beef":20,"securitycraft:smart_module":1,"create:basin":14,"minecraft:poppy":3,"minecraft:iron_nugget":10,"minecraft:chest":2,"minecraft:sugar_cane":19,"minecraft:raw_iron":154,"minecraft:sandstone":26,"create:golden_sheet":4,"create:blaze_cake":1,"create:windmill_bearing":1,"farmersdelight:tomato_seeds":2,"create:hand_crank":4,"minecraft:redstone":187,"create:vertical_gearbox":7,"create:deployer":1,"minecraft:arrow":14,"minecraft:hay_block":9,"create:depot":6,"minecraft:gold_ingot":1,"minecraft:white_wool":1,"minecraft:stripped_oak_log":44,"create:iron_sheet":10,"create:brass_sheet":5,"minecraft:glow_ink_sac":3,"minecraft:leather":8,"create:andesite_alloy":64,"minecraft:oak_log":87,"minecraft:chainmail_chestplate":3,"minecraft:yellow_bed":1,"minecraft:gunpowder":2,"minecraft:white_banner":4,"create:crushing_wheel":7,"create:crushed_raw_iron":1,"minecraft:apple":5,"farmersdelight:cooking_pot":1,"minecraft:kelp":76,"minecraft:rabbit_hide":1,"minecraft:iron_ingot":44,"minecraft:glass_bottle":2,"minecraft:iron_sword":1,"sophisticatedbackpacks:diamond_backpack":1,"minecraft:sculk_catalyst":1,"minecraft:smooth_basalt":4,"create:large_water_wheel":2,"minecraft:quartz":32,"minecraft:gravel":51,"minecraft:spruce_sapling":1,"minecraft:spider_eye":4,"create:gearbox":1,"create:brass_ingot":3,"minecraft:chainmail_leggings":5,"create:encased_fan":6,"minecraft:coal":279},"minecraft:killed":{"minecraft:zombified_piglin":5,"minecraft:witch":1,"minecraft:spider":12,"alexsmobs:snow_leopard":1,"minecraft:skeleton":20,"minecraft:creeper":4,"alexsmobs:crimson_mosquito":3,"minecraft:sheep":1,"minecraft:pillager":11,"minecraft:zombie":45,"alexsmobs:terrapin":1,"minecraft:stray":1,"minecraft:cow":11,"alexsmobs:tarantula_hawk":1,"alexsmobs:rattlesnake":1,"alexsmobs:bison":1,"minecraft:drowned":2,"minecraft:warden":3,"alexsmobs:rocky_roller":1,"cataclysm:koboleton":1,"minecraft:husk":3},"minecraft:crafted":{"minecraft:oak_planks":328,"minecraft:barrel":6,"minecraft:stone":1,"create:deployer":1,"minecraft:glass":4,"create:mechanical_press":1,"minecraft:chest":8,"minecraft:copper_block":1,"create:cogwheel":26,"create:brass_hand":1,"minecraft:glass_bottle":3,"minecraft:oak_slab":18,"create:depot":2,"sophisticatedbackpacks:backpack":1,"create:rose_quartz":10,"minecraft:cauldron":2,"minecraft:crafting_table":15,"minecraft:wooden_pickaxe":1,"minecraft:baked_potato":25,"minecraft:copper_ingot":64,"create:sand_paper":2,"minecraft:campfire":2,"create:mechanical_mixer":1,"farmersdelight:apple_cider":1,"create:gearbox":3,"create:encased_fan":1,"minecraft:paper":6,"minecraft:diamond_pickaxe":1,"create:water_wheel":4,"sophisticatedbackpacks:diamond_backpack":1,"minecraft:stick":100,"minecraft:iron_ingot":153,"minecraft:iron_pickaxe":3,"minecraft:iron_block":1,"minecraft:stone_sword":1,"minecraft:gold_ingot":31,"create:large_cogwheel":3,"create:propeller":1,"create:empty_blaze_burner":1,"minecraft:wooden_sword":1,"minecraft:cobbled_deepslate_slab":6,"create:wrench":1,"create:steam_engine":1,"minecraft:iron_nugget":153,"create:white_sail":22,"minecraft:furnace":1,"minecraft:flint_and_steel":1,"minecraft:iron_axe":1,"create:millstone":1,"minecraft:stone_pickaxe":1,"create:fluid_tank":6,"create:basin":1,"create:electron_tube":10,"create:belt_connector":9,"create:windmill_bearing":1,"sophisticatedbackpacks:iron_backpack":1,"minecraft:wheat":81,"minecraft:cooked_beef":11,"minecraft:sugar":1,"create:steam_whistle":1,"create:andesite_alloy":67,"create:hand_crank":1,"minecraft:dried_kelp":61,"minecraft:iron_sword":1,"create:large_water_wheel":2,"sophisticatedbackpacks:gold_backpack":1,"minecraft:bucket":3,"minecraft:stone_axe":1,"minecraft:bread":27,"minecraft:air":0,"create:whisk":1,"create:mechanical_crafter":27,"minecraft:wooden_axe":1,"create:shaft":64,"minecraft:torch":260,"create:zinc_ingot":35},"minecraft:killed_by":{"minecraft:zombified_piglin":2,"minecraft:creeper":1,"minecraft:zombie":1,"minecraft:player":9,"minecraft:warden":4,"alexsmobs:crimson_mosquito":1},"minecraft:mined":{"securitycraft:mine":1,"create:deepslate_zinc_ore":4,"create:andesite_casing":10,"minecraft:granite":2,"minecraft:grass_block":23,"create:belt":7,"minecraft:spawner":4,"minecraft:tall_seagrass":2,"minecraft:iron_ore":147,"minecraft:cobbled_deepslate":21,"minecraft:fire":24,"minecraft:deepslate_lapis_ore":11,"create:asurine":58,"minecraft:pointed_dripstone":9,"create:mechanical_press":3,"create:limestone":5,"create:lit_blaze_burner":2,"minecraft:deepslate_redstone_ore":28,"create:cogwheel":13,"minecraft:kelp_plant":12,"minecraft:crimson_nylium":6,"minecraft:powder_snow":1,"minecraft:torch":3,"minecraft:calcite":6,"minecraft:chest":2,"minecraft:dead_bush":1,"minecraft:nether_quartz_ore":32,"minecraft:cobblestone":49,"minecraft:sugar_cane":10,"minecraft:oak_planks":32,"minecraft:wall_torch":6,"minecraft:amethyst_block":5,"minecraft:cauldron":1,"create:large_water_wheel":2,"create:basin":14,"create:mechanical_mixer":2,"create:brass_belt_funnel":1,"minecraft:grass":54,"minecraft:oak_log":87,"create:hand_crank":2,"minecraft:sand":28,"minecraft:dirt":10,"minecraft:smooth_basalt":4,"minecraft:netherrack":13,"create:crimsite":71,"minecraft:oak_leaves":37,"minecraft:deepslate":69,"create:zinc_ore":39,"minecraft:deepslate_diamond_ore":31,"minecraft:cobbled_deepslate_slab":3,"create:large_cogwheel":5,"create:depot":6,"create:encased_fan":6,"minecraft:kelp":52,"minecraft:sandstone":4,"minecraft:hay_block":9,"minecraft:redstone_ore":17,"create:shaft":25,"minecraft:furnace":3,"create:white_sail":9,"minecraft:andesite":39,"create:windmill_bearing":1,"minecraft:deepslate_iron_ore":8,"create:deployer":1,"minecraft:stripped_oak_log":41,"minecraft:stone":104,"farmersdelight:cooking_pot":1,"minecraft:light_gray_carpet":1,"minecraft:crafting_table":1,"create:water_wheel":1,"minecraft:tall_grass":13,"minecraft:copper_ore":19,"minecraft:lapis_ore":12,"minecraft:deepslate_gold_ore":12,"farmersdelight:wild_tomatoes":2,"minecraft:diorite":5,"create:blaze_burner":1,"create:gearbox":7,"minecraft:white_carpet":2,"minecraft:yellow_bed":1,"create:crushing_wheel":3,"minecraft:coal_ore":169,"create:mechanical_crafter":28,"minecraft:gravel":33,"minecraft:dripstone_block":1,"minecraft:cobweb":47,"minecraft:gold_ore":21},"minecraft:dropped":{"create:belt_connector":1,"minecraft:iron_sword":1,"create:vertical_gearbox":1,"minecraft:crimson_roots":1,"minecraft:snowball":16,"create:crushed_raw_iron":56,"minecraft:iron_pickaxe":1,"minecraft:gold_ingot":6,"minecraft:bone":6,"minecraft:iron_nugget":1,"minecraft:cobbled_deepslate":1,"minecraft:rotten_flesh":5,"minecraft:oak_planks":1,"minecraft:enchanted_golden_apple":1,"minecraft:blaze_powder":1,"create:asurine":54,"sophisticatedbackpacks:diamond_backpack":1,"securitycraft:codebreaker":1,"create:limestone":5,"create:brass_ingot":8,"securitycraft:camera_monitor":1,"minecraft:arrow":7,"create:andesite_alloy":70,"minecraft:iron_ingot":27,"minecraft:wheat_seeds":3,"minecraft:feather":2,"minecraft:cobblestone":2,"minecraft:granite":2,"minecraft:copper_ingot":64,"minecraft:grass_block":4,"securitycraft:laser_block":1,"minecraft:torch":1,"create:blaze_cake":1,"minecraft:white_banner":3,"minecraft:string":62,"minecraft:bucket":1,"minecraft:spruce_sapling":1,"minecraft:smooth_basalt":1,"securitycraft:mine":133,"minecraft:blaze_rod":2,"minecraft:raw_copper":3,"create:crushed_raw_zinc":14,"minecraft:raw_iron":64,"minecraft:chicken":1,"minecraft:stripped_oak_log":4,"create:experience_nugget":32,"minecraft:spruce_planks":64,"create:zinc_ingot":58,"minecraft:andesite":1,"slashblade:slashblade":3,"minecraft:spider_eye":1,"minecraft:sandstone":6},"minecraft:used":{"create:deployer":2,"minecraft:axolotl_spawn_egg":5,"minecraft:chest":19,"minecraft:iron_sword":215,"securitycraft:security_camera":1,"securitycraft:username_logger":1,"minecraft:rotten_flesh":11,"create:fluid_tank":109,"create:white_sail":21,"create:cogwheel":106,"create:mechanical_crafter":70,"create:depot":8,"minecraft:axolotl_bucket":1,"minecraft:snowball":2,"minecraft:obsidian":1,"minecraft:warden_spawn_egg":3,"securitycraft:camera_monitor":1,"minecraft:lava_bucket":20,"minecraft:grass_block":60,"create:millstone":3,"create:andesite_funnel":7,"create:rotation_speed_controller":1,"minecraft:bow":16,"create:shaft":117,"minecraft:oak_sapling":54,"create:steam_engine":4,"minecraft:furnace":4,"create:mechanical_drill":4,"securitycraft:laser_block":15,"securitycraft:wire_cutters":2,"minecraft:diorite":1,"create:crushing_wheel":13,"minecraft:oak_planks":45,"minecraft:stone_pickaxe":124,"minecraft:wooden_pickaxe":59,"minecraft:sandstone":4,"minecraft:redstone_block":2,"minecraft:sugar_cane":3,"minecraft:blue_bed":1,"minecraft:sand":67,"create:flywheel":1,"minecraft:bread":4,"create:andesite_casing":2,"minecraft:gravel":32,"minecraft:golden_helmet":2,"securitycraft:mine":404,"minecraft:wooden_sword":43,"create:basin":15,"minecraft:andesite":17,"minecraft:smooth_stone_slab":1,"create:large_cogwheel":58,"create:steam_whistle":2,"create:vertical_gearbox":42,"sophisticatedbackpacks:iron_backpack":1,"minecraft:stone_sword":131,"minecraft:flint_and_steel":2,"create:wooden_bracket":3,"minecraft:light_gray_carpet":1,"securitycraft:remote_access_mine":11,"minecraft:netherrack":8,"minecraft:torch":315,"create:mechanical_pump":1,"minecraft:dirt":121,"minecraft:anvil":1,"minecraft:white_carpet":2,"create:mechanical_mixer":3,"minecraft:golden_shovel":32,"minecraft:granite":2,"minecraft:iron_hoe":9,"minecraft:wooden_axe":57,"create:wrench":355,"create:gearbox":35,"minecraft:iron_axe":194,"slashblade:slashblade":553,"securitycraft:universal_block_modifier":4,"create:creative_motor":5,"minecraft:bamboo":11,"minecraft:smooth_basalt":3,"minecraft:blaze_spawn_egg":1,"securitycraft:sentry":1,"minecraft:beef":5,"securitycraft:reinforced_glass":10,"farmersdelight:cooking_pot":2,"create:fluid_pipe":5,"minecraft:pointed_dripstone":5,"minecraft:brown_bed":2,"minecraft:cooked_beef":11,"create:belt_connector":58,"minecraft:cobbled_deepslate":87,"minecraft:enchanted_golden_apple":55,"minecraft:calcite":1,"minecraft:water_bucket":113,"create:empty_blaze_burner":3,"minecraft:baked_potato":25,"minecraft:cauldron":3,"securitycraft:scanner_door_item":1,"create:blaze_burner":13,"create:encased_fan":12,"minecraft:tnt":292,"create:brass_funnel":11,"minecraft:crafting_table":7,"minecraft:campfire":12,"minecraft:oak_log":9,"minecraft:diamond_pickaxe":199,"farmersdelight:apple_cider":1,"minecraft:apple":6,"create:mechanical_press":4,"create:windmill_bearing":2,"minecraft:iron_pickaxe":738,"create:water_wheel":5,"alexsmobs:sombrero":2,"create:large_water_wheel":9,"minecraft:stone_axe":108,"minecraft:cobblestone":46,"minecraft:cobbled_deepslate_slab":4,"securitycraft:cage_trap":2,"minecraft:bucket":92,"minecraft:yellow_bed":1,"create:hand_crank":5,"minecraft:stripped_oak_log":2,"minecraft:kelp":16,"minecraft:smooth_stone":82}},"DataVersion":3465}